"","state","nuts1","state_name_de","state_name_en","election_date","total_seats_parliament","gov_no_within_legterm","gov_id","state_gov_number","gov_start_date","gov_source","gov_remarks_stelzle","minister_president","mp_party","gov_parties","gov_vshare","gov_seat_count","gov_sshare","gov_tog"
"1","BA",NA,"ehemaliges Land Baden","former state Baden",1947-05-18,60,1,10101,1,1947-07-24,"LinhartEtAl",NA,"Wohleb, Leo","CDU","CDU~SPD",0.7833618497326,47,0.783333333333333,"Oversized Coalition"
"2","BA",NA,"ehemaliges Land Baden","former state Baden",1947-05-18,60,2,10102,2,1948-02-05,"LinhartEtAl",NA,"Wohleb, Leo","CDU","CDU",0.559370208309959,34,0.566666666666667,"Single Party Majority"
"3","BB","DE4","Brandenburg","Brandenburg",1990-10-14,88,1,10501,1,1990-11-01,"LinhartEtAl",NA,"Stolpe, Manfred","SPD","SPD~FDP~Grüne",0.51287928622677,48,0.545454545454545,"Minimal Winning Coalition"
"4","BB","DE4","Brandenburg","Brandenburg",1990-10-14,88,2,10502,2,1994-03-23,"LinhartEtAl",NA,"Stolpe, Manfred","SPD","SPD~FDP",0.448726201148279,42,0.477272727272727,"Multi Party Minority"
"5","BB","DE4","Brandenburg","Brandenburg",1994-09-11,88,1,10503,3,1994-09-21,"LinhartEtAl",NA,"Stolpe, Manfred","SPD","SPD",0.541428836615769,52,0.590909090909091,"Single Party Majority"
"6","BB","DE4","Brandenburg","Brandenburg",1999-09-05,89,1,10504,4,1999-10-12,"LinhartEtAl",NA,"Stolpe, Manfred","SPD","SPD~CDU",0.658727638883849,62,0.696629213483146,"Minimal Winning Coalition"
"7","BB","DE4","Brandenburg","Brandenburg",1999-09-05,89,2,10505,5,2002-06-26,"LinhartEtAl",NA,"Platzeck, Matthias","SPD","SPD~CDU",0.658727638883849,62,0.696629213483146,"Minimal Winning Coalition"
"8","BB","DE4","Brandenburg","Brandenburg",2004-09-19,88,1,10506,6,2004-10-13,"LinhartEtAl",NA,"Platzeck, Matthias","SPD","SPD~CDU",0.513302575307402,53,0.602272727272727,"Minimal Winning Coalition"
"9","BB","DE4","Brandenburg","Brandenburg",2009-09-27,88,1,10507,7,2009-11-06,"https://de.wikipedia.org/wiki/Kabinett_Platzeck_III",NA,"Platzeck, Matthias","SPD","SPD~Linke",0.601957771245793,57,0.647727272727273,"Minimal Winning Coalition"
"10","BB","DE4","Brandenburg","Brandenburg",2009-09-27,88,2,10508,8,2013-08-28,"https://de.wikipedia.org/wiki/Kabinett_Woidke_I",NA,"Woidke, Dietmar","SPD","SPD~Linke",0.601957771245793,57,0.647727272727273,"Minimal Winning Coalition"
"11","BB","DE4","Brandenburg","Brandenburg",2014-09-14,88,1,10509,9,2014-11-05,"https://de.wikipedia.org/wiki/Kabinett_Woidke_II",NA,"Woidke, Dietmar","SPD","SPD~Linke",0.504780106976353,47,0.534090909090909,"Minimal Winning Coalition"
"12","BB","DE4","Brandenburg","Brandenburg",2019-09-01,88,1,10510,10,2019-11-20,"https://de.wikipedia.org/wiki/Kabinett_Woidke_III",NA,"Woidke, Dietmar","SPD","SPD~Grüne~CDU",0.525323569724592,50,0.568181818181818,"Minimal Winning Coalition"
"13","BE","DE3","Berlin","Berlin",1946-10-20,98,1,10425,1,1946-12-05,"https://de.wikipedia.org/wiki/Magistrat_Ostrowski",NA,"Ostrowski, Otto","SPD","SPD~FDP~SED-WB~CDU",1,98,1,"Oversized Coalition"
"14","BE","DE3","Berlin","Berlin",1946-10-20,98,2,10426,2,1947-04-18,"https://de.wikipedia.org/wiki/Magistrat_Reuter_(Gro%C3%9F-Berlin)",NA,"Schroeder, Louise","SPD","SPD~FDP~SED-WB~CDU",1,98,1,"Oversized Coalition"
"15","BE","DE3","Berlin","Berlin",1946-10-20,98,3,10427,3,1947-08-18,"https://de.wikipedia.org/wiki/Magistrat_Schroeder",NA,"Schroeder, Louise","SPD","SPD~FDP~SED-WB~CDU",1,98,1,"Oversized Coalition"
"16","BE","DE3","Berlin","Berlin",1948-12-05,98,1,10428,4,1948-12-07,"https://de.wikipedia.org/wiki/Magistrat_Reuter_(West-Berlin)",NA,"Reuter, Ernst","SPD","SPD~FDP~CDU",1,98,1,"Oversized Coalition"
"17","BE","DE3","Berlin","Berlin",1950-12-03,127,1,10401,5,1951-02-01,"LinhartEtAl",NA,"Reuter, Ernst","SPD","SPD~FDP~CDU",0.923781299719352,127,1,"Oversized Coalition"
"18","BE","DE3","Berlin","Berlin",1950-12-03,127,2,10402,6,1953-10-22,"LinhartEtAl",NA,"Schreiber, Walther","CDU","CDU~FDP",0.477059277417769,66,0.519685039370079,"Minimal Winning Coalition"
"19","BE","DE3","Berlin","Berlin",1954-12-05,127,1,10403,7,1955-01-11,"LinhartEtAl",NA,"Suhr, Otto","SPD","SPD~CDU",0.750067224735056,108,0.850393700787402,"Oversized Coalition"
"20","BE","DE3","Berlin","Berlin",1954-12-05,127,2,10404,8,1957-10-03,"LinhartEtAl",NA,"Brandt, Willy","SPD","SPD~CDU",0.750067224735056,108,0.850393700787402,"Oversized Coalition"
"21","BE","DE3","Berlin","Berlin",1958-12-07,133,1,10405,9,1959-01-15,"LinhartEtAl",NA,"Brandt, Willy","SPD","SPD~CDU",0.902701378527047,133,1,"Oversized Coalition"
"22","BE","DE3","Berlin","Berlin",1963-02-17,140,1,10406,10,1963-03-11,"LinhartEtAl",NA,"Brandt, Willy","SPD","SPD~FDP",0.698136359163892,99,0.707142857142857,"Oversized Coalition"
"23","BE","DE3","Berlin","Berlin",1963-02-17,140,2,10407,11,1966-12-14,"LinhartEtAl",NA,"Albertz, Heinrich","SPD","SPD~FDP",0.698136359163892,99,0.707142857142857,"Oversized Coalition"
"24","BE","DE3","Berlin","Berlin",1967-03-12,137,1,10408,12,1967-04-06,"LinhartEtAl",NA,"Albertz, Heinrich","SPD","SPD~FDP",0.639916959324051,90,0.656934306569343,"Oversized Coalition"
"25","BE","DE3","Berlin","Berlin",1967-03-12,137,2,10409,13,1967-10-19,"LinhartEtAl",NA,"Schütz, Klaus","SPD","SPD~FDP",0.639916959324051,90,0.656934306569343,"Oversized Coalition"
"26","BE","DE3","Berlin","Berlin",1971-03-14,138,1,10410,14,1971-04-20,"LinhartEtAl",NA,"Schütz, Klaus","SPD","SPD",0.503977699759758,73,0.528985507246377,"Single Party Majority"
"27","BE","DE3","Berlin","Berlin",1975-03-02,147,1,10411,15,1975-04-24,"LinhartEtAl",NA,"Schütz, Klaus","SPD","SPD~FDP",0.496956064679445,78,0.530612244897959,"Minimal Winning Coalition"
"28","BE","DE3","Berlin","Berlin",1975-03-02,147,2,10412,16,1977-05-02,"LinhartEtAl",NA,"Stobbe, Dietrich","SPD","SPD~FDP",0.496956064679445,78,0.530612244897959,"Minimal Winning Coalition"
"29","BE","DE3","Berlin","Berlin",1979-03-18,135,1,10413,17,1979-04-26,"LinhartEtAl",NA,"Stobbe, Dietrich","SPD","SPD~FDP",0.5072949004979,72,0.533333333333333,"Minimal Winning Coalition"
"30","BE","DE3","Berlin","Berlin",1979-03-18,135,2,10414,18,1981-01-23,"LinhartEtAl",NA,"Vogel, Hans-Jochen","SPD","SPD~FDP",0.5072949004979,72,0.533333333333333,"Minimal Winning Coalition"
"31","BE","DE3","Berlin","Berlin",1981-05-10,132,1,10415,19,1981-06-11,"LinhartEtAl",NA,"von Weizsäcker, Richard","CDU","CDU",0.479544687465833,65,0.492424242424242,"Single Party Minority"
"32","BE","DE3","Berlin","Berlin",1981-05-10,132,2,10416,20,1983-03-17,"LinhartEtAl",NA,"von Weizsäcker, Richard","CDU","CDU~FDP",0.535424025049003,72,0.545454545454545,"Minimal Winning Coalition"
"33","BE","DE3","Berlin","Berlin",1981-05-10,132,3,10417,21,1984-02-09,"LinhartEtAl",NA,"Diepgen, Eberhard","CDU","CDU~FDP",0.535424025049003,72,0.545454545454545,"Minimal Winning Coalition"
"34","BE","DE3","Berlin","Berlin",1985-03-10,144,1,10418,22,1985-04-18,"LinhartEtAl",NA,"Diepgen, Eberhard","CDU","CDU~FDP",0.548653658944068,81,0.5625,"Minimal Winning Coalition"
"35","BE","DE3","Berlin","Berlin",1989-01-29,138,1,10419,23,1989-03-16,"LinhartEtAl",NA,"Momper, Walter","SPD","SPD~Grüne",0.491168279097039,72,0.521739130434783,"Minimal Winning Coalition"
"36","BE","DE3","Berlin","Berlin",1990-12-02,241,1,10420,24,1991-01-24,"LinhartEtAl",NA,"Diepgen, Eberhard","CDU","CDU~SPD",0.707933050646841,177,0.734439834024896,"Minimal Winning Coalition"
"37","BE","DE3","Berlin","Berlin",1995-10-22,206,1,10421,25,1996-01-25,"LinhartEtAl",NA,"Diepgen, Eberhard","CDU","CDU~SPD",0.61002788185379,142,0.689320388349514,"Minimal Winning Coalition"
"38","BE","DE3","Berlin","Berlin",1999-10-10,169,1,10422,26,1999-12-09,"LinhartEtAl",NA,"Diepgen, Eberhard","CDU","CDU~SPD",0.631272160739229,118,0.698224852071006,"Minimal Winning Coalition"
"39","BE","DE3","Berlin","Berlin",1999-10-10,169,2,10423,27,2001-06-16,"LinhartEtAl",NA,"Wowereit, Klaus","SPD","SPD~Grüne",0.323011481373467,60,0.355029585798817,"Multi Party Minority"
"40","BE","DE3","Berlin","Berlin",2001-10-21,141,1,10424,28,2002-01-17,"LinhartEtAl",NA,"Wowereit, Klaus","SPD","SPD~Linke",0.522419853413152,77,0.546099290780142,"Minimal Winning Coalition"
"41","BE","DE3","Berlin","Berlin",2006-09-17,149,1,10429,29,2006-11-22,"https://de.wikipedia.org/wiki/Senat_Wowereit_III",NA,"Wowereit, Klaus","SPD","SPD~Linke",0.442325326440896,76,0.51006711409396,"Minimal Winning Coalition"
"42","BE","DE3","Berlin","Berlin",2011-09-18,149,1,10430,30,2011-11-24,"https://de.wikipedia.org/wiki/Senat_Wowereit_IV",NA,"Wowereit, Klaus","SPD","SPD~CDU",0.516354876350359,86,0.577181208053691,"Minimal Winning Coalition"
"43","BE","DE3","Berlin","Berlin",2011-09-18,149,2,10431,31,2014-12-11,"https://de.wikipedia.org/wiki/Senat_M%C3%BCller_I",NA,"Müller, Michael","SPD","SPD~CDU",0.516354876350359,86,0.577181208053691,"Minimal Winning Coalition"
"44","BE","DE3","Berlin","Berlin",2016-09-18,160,1,10432,32,2016-12-08,"https://de.wikipedia.org/wiki/Senat_M%C3%BCller_II",NA,"Müller, Michael","SPD","SPD~Linke~Grüne",0.523771548995853,92,0.575,"Minimal Winning Coalition"
"45","BE","DE3","Berlin","Berlin",2021-09-26,147,1,10433,33,2021-12-21,"https://de.wikipedia.org/wiki/Senat_Giffey",NA,"Giffey, Franziska","SPD","SPD~Linke~Grüne",0.543603540499236,92,0.625850340136054,"Minimal Winning Coalition"
"46","BE","DE3","Berlin","Berlin",2023-02-12,159,1,10434,34,2023-04-27,"https://de.wikipedia.org/wiki/Senat_Wegner",NA,"Wegner, Kai","CDU","CDU~SPD",0.466255949791016,86,0.540880503144654,"Minimal Winning Coalition"
"47","BW","DE1","Baden-Württemberg","Baden-Württemberg",1952-03-09,121,1,10201,1,1952-04-25,"LinhartEtAl",NA,"Maier, Reinhold","FDP","FDP~SPD",0.460207190514205,61,0.504132231404959,"Minimal Winning Coalition"
"48","BW","DE1","Baden-Württemberg","Baden-Württemberg",1952-03-09,121,2,10202,2,1953-10-07,"LinhartEtAl",NA,"Müller, Gebhard","CDU","CDU~GB/BHE~FDP~SPD",0.882599731948645,117,0.966942148760331,"Oversized Coalition"
"49","BW","DE1","Baden-Württemberg","Baden-Württemberg",1956-03-04,120,1,10203,3,1956-05-09,"LinhartEtAl",NA,"Müller, Gebhard","CDU","CDU~GB/BHE~FDP~SPD",0.943283400215972,120,1,"Oversized Coalition"
"50","BW","DE1","Baden-Württemberg","Baden-Württemberg",1956-03-04,120,2,10204,4,1958-12-17,"LinhartEtAl",NA,"Kiesinger, Kurt Georg","CDU","CDU~GB/BHE~FDP~SPD",0.943283400215972,120,1,"Oversized Coalition"
"51","BW","DE1","Baden-Württemberg","Baden-Württemberg",1960-05-15,121,1,10205,5,1960-06-23,"LinhartEtAl",NA,"Kiesinger, Kurt Georg","CDU","CDU~GB/BHE~FDP",0.618831565238625,77,0.636363636363636,"Oversized Coalition"
"52","BW","DE1","Baden-Württemberg","Baden-Württemberg",1964-04-26,120,1,10206,6,1964-06-11,"LinhartEtAl",NA,"Kiesinger, Kurt Georg","CDU","CDU~FDP",0.592327248728625,73,0.608333333333333,"Minimal Winning Coalition"
"53","BW","DE1","Baden-Württemberg","Baden-Württemberg",1964-04-26,120,2,10207,7,1966-12-16,"LinhartEtAl",NA,"Filbinger, Hans","CDU","CDU~SPD",0.83482614579791,106,0.883333333333333,"Minimal Winning Coalition"
"54","BW","DE1","Baden-Württemberg","Baden-Württemberg",1968-04-28,127,1,10208,8,1968-06-12,"LinhartEtAl",NA,"Filbinger, Hans","CDU","CDU~SPD",0.731844360633025,97,0.763779527559055,"Minimal Winning Coalition"
"55","BW","DE1","Baden-Württemberg","Baden-Württemberg",1972-04-23,120,1,10209,9,1972-06-08,"LinhartEtAl",NA,"Filbinger, Hans","CDU","CDU",0.529151774804095,65,0.541666666666667,"Single Party Majority"
"56","BW","DE1","Baden-Württemberg","Baden-Württemberg",1976-04-04,121,1,10210,10,1976-06-02,"LinhartEtAl",NA,"Filbinger, Hans","CDU","CDU",0.567207867713432,71,0.586776859504132,"Single Party Majority"
"57","BW","DE1","Baden-Württemberg","Baden-Württemberg",1976-04-04,121,2,10211,11,1978-08-30,"LinhartEtAl",NA,"Späth, Lothar","CDU","CDU",0.567207867713432,71,0.586776859504132,"Single Party Majority"
"58","BW","DE1","Baden-Württemberg","Baden-Württemberg",1980-03-16,124,1,10212,12,1980-06-04,"LinhartEtAl",NA,"Späth, Lothar","CDU","CDU",0.533523864011793,68,0.548387096774194,"Single Party Majority"
"59","BW","DE1","Baden-Württemberg","Baden-Württemberg",1984-03-25,126,1,10213,13,1984-06-06,"LinhartEtAl",NA,"Späth, Lothar","CDU","CDU",0.518707208700899,68,0.53968253968254,"Single Party Majority"
"60","BW","DE1","Baden-Württemberg","Baden-Württemberg",1988-03-20,125,1,10214,14,1988-06-08,"LinhartEtAl",NA,"Späth, Lothar","CDU","CDU",0.490487000780228,66,0.528,"Single Party Majority"
"61","BW","DE1","Baden-Württemberg","Baden-Württemberg",1988-03-20,125,2,10215,15,1991-01-22,"LinhartEtAl",NA,"Teufel, Erwin","CDU","CDU",0.490487000780228,66,0.528,"Single Party Majority"
"62","BW","DE1","Baden-Württemberg","Baden-Württemberg",1992-04-05,146,1,10216,16,1992-06-11,"LinhartEtAl",NA,"Teufel, Erwin","CDU","CDU~SPD",0.689908205347977,110,0.753424657534246,"Minimal Winning Coalition"
"63","BW","DE1","Baden-Württemberg","Baden-Württemberg",1996-03-24,155,1,10217,17,1996-06-12,"LinhartEtAl",NA,"Teufel, Erwin","CDU","CDU~FDP",0.508576796319664,83,0.535483870967742,"Minimal Winning Coalition"
"64","BW","DE1","Baden-Württemberg","Baden-Württemberg",2001-03-25,128,1,10218,18,2001-06-13,"LinhartEtAl",NA,"Teufel, Erwin","CDU","CDU~FDP",0.529135158912527,73,0.5703125,"Minimal Winning Coalition"
"65","BW","DE1","Baden-Württemberg","Baden-Württemberg",2001-03-25,128,2,10219,19,2005-04-27,"LinhartEtAl",NA,"Oettinger, Günther","CDU","CDU~FDP",0.529135158912527,73,0.5703125,"Minimal Winning Coalition"
"66","BW","DE1","Baden-Württemberg","Baden-Württemberg",2006-03-26,139,1,10220,20,2006-06-14,"https://de.wikipedia.org/wiki/Kabinett_Oettinger_II",NA,"Oettinger, Günther","CDU","CDU~FDP",0.548086597662232,84,0.60431654676259,"Minimal Winning Coalition"
"67","BW","DE1","Baden-Württemberg","Baden-Württemberg",2006-03-26,139,2,10221,21,2010-02-09,"https://de.wikipedia.org/wiki/Kabinett_Mappus",NA,"Mappus, Stefan","CDU","CDU~FDP",0.548086597662232,84,0.60431654676259,"Minimal Winning Coalition"
"68","BW","DE1","Baden-Württemberg","Baden-Württemberg",2011-03-27,138,1,10222,22,2011-05-11,"https://de.wikipedia.org/wiki/Kabinett_Kretschmann_I",NA,"Kretschmann, Winfried","Grüne","Grüne~SPD",0.473296347566947,71,0.514492753623188,"Minimal Winning Coalition"
"69","BW","DE1","Baden-Württemberg","Baden-Württemberg",2016-03-13,143,1,10223,23,2016-05-11,"https://de.wikipedia.org/wiki/Kabinett_Kretschmann_II",NA,"Kretschmann, Winfried","Grüne","Grüne~CDU",0.572733784098858,89,0.622377622377622,"Minimal Winning Coalition"
"70","BW","DE1","Baden-Württemberg","Baden-Württemberg",2021-03-14,154,1,10224,24,2021-05-12,"https://de.wikipedia.org/wiki/Kabinett_Kretschmann_III",NA,"Kretschmann, Winfried","Grüne","Grüne~CDU",0.566947503020279,100,0.649350649350649,"Minimal Winning Coalition"
"71","BY","DE2","Bayern","Bavaria",1946-12-01,180,1,10301,1,1946-12-21,"LinhartEtAl",NA,"Ehard, Hans","CSU","CSU~WAV~SPD",0.8828000316238,171,0.95,"Oversized Coalition"
"72","BY","DE2","Bayern","Bavaria",1946-12-01,180,2,10302,2,1947-09-21,"LinhartEtAl",NA,"Ehard, Hans","CSU","CSU",0.522877883908505,104,0.577777777777778,"Single Party Majority"
"73","BY","DE2","Bayern","Bavaria",1950-11-26,204,1,10303,3,1950-12-18,"LinhartEtAl",NA,"Ehard, Hans","CSU","CSU~SPD",0.553800347267327,127,0.622549019607843,"Minimal Winning Coalition"
"74","BY","DE2","Bayern","Bavaria",1954-11-28,204,1,10304,4,1954-12-14,"LinhartEtAl",NA,"Hoegner, Wilhelm","SPD","SPD~FDP~GB/BHE~BP",0.587701705995098,121,0.593137254901961,"Oversized Coalition"
"75","BY","DE2","Bayern","Bavaria",1954-11-28,204,2,10305,5,1957-10-16,"LinhartEtAl",NA,"Seidel, Hanns","CSU","CSU~FDP~GB/BHE",0.553875813462074,115,0.563725490196078,"Minimal Winning Coalition"
"76","BY","DE2","Bayern","Bavaria",1958-11-23,204,1,10306,6,1958-12-09,"LinhartEtAl",NA,"Seidel, Hanns","CSU","CSU~FDP~GB/BHE",0.597455838988594,126,0.617647058823529,"Oversized Coalition"
"77","BY","DE2","Bayern","Bavaria",1958-11-23,204,2,10307,7,1960-01-26,"LinhartEtAl",NA,"Ehard, Hans","CSU","CSU~FDP~GB/BHE",0.597455838988594,126,0.617647058823529,"Oversized Coalition"
"78","BY","DE2","Bayern","Bavaria",1962-11-25,204,1,10308,8,1962-12-11,"LinhartEtAl",NA,"Goppel, Alfons","CSU","CSU",0.475076293422716,108,0.529411764705882,"Single Party Majority"
"79","BY","DE2","Bayern","Bavaria",1966-11-20,204,1,10309,9,1966-12-05,"LinhartEtAl",NA,"Goppel, Alfons","CSU","CSU",0.48140556396741,110,0.53921568627451,"Single Party Majority"
"80","BY","DE2","Bayern","Bavaria",1970-11-22,204,1,10310,10,1970-12-08,"LinhartEtAl",NA,"Goppel, Alfons","CSU","CSU",0.564310114632903,124,0.607843137254902,"Single Party Majority"
"81","BY","DE2","Bayern","Bavaria",1974-10-27,204,1,10311,11,1974-11-12,"LinhartEtAl",NA,"Goppel, Alfons","CSU","CSU",0.620782693858964,132,0.647058823529412,"Single Party Majority"
"82","BY","DE2","Bayern","Bavaria",1978-10-15,204,1,10312,12,1978-11-06,"LinhartEtAl",NA,"Strauß, Franz-Josef","CSU","CSU",0.591387758821321,129,0.632352941176471,"Single Party Majority"
"83","BY","DE2","Bayern","Bavaria",1982-10-10,204,1,10313,13,1982-10-26,"LinhartEtAl",NA,"Strauß, Franz-Josef","CSU","CSU",0.582832732030974,133,0.651960784313726,"Single Party Majority"
"84","BY","DE2","Bayern","Bavaria",1986-10-12,204,1,10314,14,1986-10-23,"LinhartEtAl",NA,"Strauß, Franz-Josef","CSU","CSU",0.55782203884151,128,0.627450980392157,"Single Party Majority"
"85","BY","DE2","Bayern","Bavaria",1986-10-12,204,2,10315,15,1988-10-19,"LinhartEtAl",NA,"Streibl, Max","CSU","CSU",0.55782203884151,128,0.627450980392157,"Single Party Majority"
"86","BY","DE2","Bayern","Bavaria",1990-10-14,204,1,10316,16,1990-10-24,"LinhartEtAl",NA,"Streibl, Max","CSU","CSU",0.549019038983281,127,0.622549019607843,"Single Party Majority"
"87","BY","DE2","Bayern","Bavaria",1990-10-14,204,2,10317,17,1993-05-28,"LinhartEtAl",NA,"Stoiber, Edmund","CSU","CSU",0.549019038983281,127,0.622549019607843,"Single Party Majority"
"88","BY","DE2","Bayern","Bavaria",1994-09-25,204,1,10318,18,1994-10-21,"LinhartEtAl",NA,"Stoiber, Edmund","CSU","CSU",0.528187733876635,120,0.588235294117647,"Single Party Majority"
"89","BY","DE2","Bayern","Bavaria",1998-09-13,204,1,10319,19,1998-09-29,"LinhartEtAl",NA,"Stoiber, Edmund","CSU","CSU",0.529072958532799,123,0.602941176470588,"Single Party Majority"
"90","BY","DE2","Bayern","Bavaria",2003-09-21,180,1,10320,20,2003-10-07,"LinhartEtAl",NA,"Stoiber, Edmund","CSU","CSU",0.606695753183198,124,0.688888888888889,"Single Party Majority"
"91","BY","DE2","Bayern","Bavaria",2003-09-21,180,2,10321,21,2007-10-16,"https://de.wikipedia.org/wiki/Kabinett_Beckstein",NA,"Beckstein, Günther","CSU","CSU",0.606695753183198,124,0.688888888888889,"Single Party Majority"
"92","BY","DE2","Bayern","Bavaria",2008-09-28,187,1,10322,22,2008-10-27,"https://de.wikipedia.org/wiki/Kabinett_Seehofer_I",NA,"Seehofer, Horst","CSU","CSU~FDP",0.513668087191483,108,0.577540106951872,"Minimal Winning Coalition"
"93","BY","DE2","Bayern","Bavaria",2013-09-15,180,1,10323,23,2013-10-08,"https://de.wikipedia.org/wiki/Kabinett_Seehofer_II",NA,"Seehofer, Horst","CSU","CSU",0.476782623142075,101,0.561111111111111,"Single Party Majority"
"94","BY","DE2","Bayern","Bavaria",2013-09-15,180,2,10324,24,2018-03-21,"https://de.wikipedia.org/wiki/Kabinett_S%C3%B6der_I",NA,"Söder, Markus","CSU","CSU",0.476782623142075,101,0.561111111111111,"Single Party Majority"
"95","BY","DE2","Bayern","Bavaria",2018-10-14,205,1,10325,25,2018-11-12,"https://de.wikipedia.org/wiki/Kabinett_S%C3%B6der_II",NA,"Söder, Markus","CSU","CSU~FW-BY",0.487946660560643,112,0.546341463414634,"Minimal Winning Coalition"
"96","BY","DE2","Bayern","Bavaria",2023-10-08,203,1,10326,26,2023-10-31,"https://de.wikipedia.org/wiki/Kabinett_S%C3%B6der_III",NA,"Söder, Markus","CSU","CSU~FW-BY",0.528848033448371,122,0.600985221674877,"Minimal Winning Coalition"
"97","HB","DE5","Bremen","Bremen",1946-10-13,80,1,10620,1,1946-11-28,"https://de.wikipedia.org/wiki/Senat_Kaisen_II",NA,"Kaisen, Wilhelm","SPD","SPD~KPD (1919)~FDP",0.77393313564042,66,0.825,"Oversized Coalition"
"98","HB","DE5","Bremen","Bremen",1946-10-13,80,2,10621,2,1947-03-27,"https://de.wikipedia.org/wiki/Senat_Kaisen_II",NA,"Kaisen, Wilhelm","SPD","SPD~FDP",0.658913491788719,63,0.7875,"Oversized Coalition"
"99","HB","DE5","Bremen","Bremen",1947-10-12,100,1,10601,3,1948-01-22,"LinhartEtAl",NA,"Kaisen, Wilhelm","SPD","SPD~FDP",0.611236509517587,63,0.63,"Minimal Winning Coalition"
"100","HB","DE5","Bremen","Bremen",1951-10-07,100,1,10602,4,1951-11-29,"LinhartEtAl",NA,"Kaisen, Wilhelm","SPD","SPD~CDU~FDP",0.599925037481259,64,0.64,"Oversized Coalition"
"101","HB","DE5","Bremen","Bremen",1955-10-09,100,1,10603,5,1955-12-14,"LinhartEtAl",NA,"Kaisen, Wilhelm","SPD","SPD~FDP~CDU",0.744056856755853,78,0.78,"Oversized Coalition"
"102","HB","DE5","Bremen","Bremen",1959-10-11,100,1,10604,6,1959-12-21,"LinhartEtAl",NA,"Kaisen, Wilhelm","SPD","SPD~FDP",0.620187364480921,68,0.68,"Oversized Coalition"
"103","HB","DE5","Bremen","Bremen",1963-09-29,100,1,10605,7,1963-11-26,"LinhartEtAl",NA,"Kaisen, Wilhelm","SPD","SPD~FDP",0.630766506898689,65,0.65,"Oversized Coalition"
"104","HB","DE5","Bremen","Bremen",1963-09-29,100,2,10606,8,1965-07-17,"LinhartEtAl",NA,"Dehnkamp, Willy","SPD","SPD~FDP",0.630766506898689,65,0.65,"Oversized Coalition"
"105","HB","DE5","Bremen","Bremen",1967-10-01,100,1,10607,9,1967-11-28,"LinhartEtAl",NA,"Koschnick, Hans","SPD","SPD~FDP",0.565472861609112,60,0.6,"Minimal Winning Coalition"
"106","HB","DE5","Bremen","Bremen",1967-10-01,100,2,10608,10,1971-06-01,"LinhartEtAl",NA,"Koschnick, Hans","SPD","SPD",0.460198422768113,50,0.5,"Single Party Minority"
"107","HB","DE5","Bremen","Bremen",1971-10-10,100,1,10609,11,1971-12-15,"LinhartEtAl",NA,"Koschnick, Hans","SPD","SPD",0.553361204732555,59,0.59,"Single Party Majority"
"108","HB","DE5","Bremen","Bremen",1975-09-28,100,1,10610,12,1975-11-03,"LinhartEtAl",NA,"Koschnick, Hans","SPD","SPD",0.487468371782867,52,0.52,"Single Party Majority"
"109","HB","DE5","Bremen","Bremen",1979-10-07,100,1,10611,13,1979-11-07,"LinhartEtAl",NA,"Koschnick, Hans","SPD","SPD",0.494282533526987,52,0.52,"Single Party Majority"
"110","HB","DE5","Bremen","Bremen",1983-09-25,100,1,10612,14,1983-11-10,"LinhartEtAl",NA,"Koschnick, Hans","SPD","SPD",0.513436037441498,58,0.58,"Single Party Majority"
"111","HB","DE5","Bremen","Bremen",1983-09-25,100,2,10613,15,1985-09-17,"LinhartEtAl",NA,"Wedemeier, Klaus","SPD","SPD",0.513436037441498,58,0.58,"Single Party Majority"
"112","HB","DE5","Bremen","Bremen",1987-09-13,100,1,10614,16,1987-10-15,"LinhartEtAl",NA,"Wedemeier, Klaus","SPD","SPD",0.505138532580811,54,0.54,"Single Party Majority"
"113","HB","DE5","Bremen","Bremen",1991-09-29,100,1,10615,17,1991-12-11,"LinhartEtAl",NA,"Wedemeier, Klaus","SPD","SPD~FDP~Grüne",0.596407382992749,62,0.62,"Oversized Coalition"
"114","HB","DE5","Bremen","Bremen",1991-09-29,100,2,10616,18,1995-02-24,"LinhartEtAl",NA,"Wedemeier, Klaus","SPD","SPD~Grüne",0.501615569988221,52,0.52,"Minimal Winning Coalition"
"115","HB","DE5","Bremen","Bremen",1995-05-14,100,1,10617,19,1995-07-04,"LinhartEtAl",NA,"Scherf, Henning","SPD","SPD~CDU",0.659917547323191,74,0.74,"Minimal Winning Coalition"
"116","HB","DE5","Bremen","Bremen",1999-06-06,100,1,10618,20,1999-07-07,"LinhartEtAl",NA,"Scherf, Henning","SPD","SPD~CDU",0.796743973534049,89,0.89,"Minimal Winning Coalition"
"117","HB","DE5","Bremen","Bremen",2003-05-25,83,1,10619,21,2003-07-04,"LinhartEtAl",NA,"Scherf, Henning","SPD","SPD~CDU",0.720779665896643,69,0.831325301204819,"Minimal Winning Coalition"
"118","HB","DE5","Bremen","Bremen",2003-05-25,83,2,10622,22,2005-11-07,"https://de.wikipedia.org/wiki/Senat_B%C3%B6hrnsen_I",NA,"Böhrnsen, Jens","SPD","SPD~CDU",0.720779665896643,69,0.831325301204819,"Minimal Winning Coalition"
"119","HB","DE5","Bremen","Bremen",2007-05-13,83,1,10623,23,2007-06-28,"https://de.wikipedia.org/wiki/Senat_B%C3%B6hrnsen_II",NA,"Böhrnsen, Jens","SPD","SPD~Grüne",0.532177248600516,46,0.55421686746988,"Minimal Winning Coalition"
"120","HB","DE5","Bremen","Bremen",2011-05-22,83,1,10624,24,2011-06-30,"https://de.wikipedia.org/wiki/Senat_B%C3%B6hrnsen_III",NA,"Böhrnsen, Jens","SPD","SPD~Grüne",0.610484551554009,57,0.686746987951807,"Minimal Winning Coalition"
"121","HB","DE5","Bremen","Bremen",2015-05-10,83,1,10625,25,2015-07-15,"https://de.wikipedia.org/wiki/Senat_Sieling",NA,"Sieling, Carsten","SPD","SPD~Grüne",0.479578072361754,44,0.530120481927711,"Minimal Winning Coalition"
"122","HB","DE5","Bremen","Bremen",2019-05-26,84,1,10626,26,2019-08-15,"https://de.wikipedia.org/wiki/Senat_Bovenschulte",NA,"Bovenschulte, Andreas","SPD","SPD~Linke~Grüne",0.536870213527539,49,0.583333333333333,"Minimal Winning Coalition"
"123","HB","DE5","Bremen","Bremen",2023-05-14,87,1,10627,27,2023-07-05,"https://de.wikipedia.org/wiki/Senat_Bovenschulte_II",NA,"Bovenschulte, Andreas","SPD","SPD~Linke~Grüne",0.525789060596183,48,0.551724137931034,"Minimal Winning Coalition"
"124","HE","DE7","Hessen","Hesse",1946-12-01,90,1,10701,1,1946-12-20,"LinhartEtAl",NA,"Stock, Christian","SPD","SPD~CDU",0.736670709611355,66,0.733333333333333,"Minimal Winning Coalition"
"125","HE","DE7","Hessen","Hesse",1950-11-19,80,1,10702,2,1950-12-14,"LinhartEtAl",NA,"Zinn, Georg-August","SPD","SPD",0.443667963742385,47,0.5875,"Single Party Majority"
"126","HE","DE7","Hessen","Hesse",1954-11-28,96,1,10703,3,1954-12-17,"LinhartEtAl",NA,"Zinn, Georg-August","SPD","SPD~GB/BHE",0.502993075925739,51,0.53125,"Minimal Winning Coalition"
"127","HE","DE7","Hessen","Hesse",1958-11-23,96,1,10704,4,1958-12-11,"LinhartEtAl",NA,"Zinn, Georg-August","SPD","SPD~GB/BHE",0.542685878542381,55,0.572916666666667,"Minimal Winning Coalition"
"128","HE","DE7","Hessen","Hesse",1962-11-11,96,1,10705,5,1962-12-19,"LinhartEtAl",NA,"Zinn, Georg-August","SPD","SPD~GDP",0.571796603690151,57,0.59375,"Oversized Coalition"
"129","HE","DE7","Hessen","Hesse",1966-11-06,96,1,10706,6,1966-12-14,"LinhartEtAl",NA,"Zinn, Georg-August","SPD","SPD",0.510048510538673,52,0.541666666666667,"Single Party Majority"
"130","HE","DE7","Hessen","Hesse",1966-11-06,96,2,10707,7,1969-10-03,"LinhartEtAl",NA,"Osswald, Albert","SPD","SPD",0.510048510538673,52,0.541666666666667,"Single Party Majority"
"131","HE","DE7","Hessen","Hesse",1970-11-08,110,1,10708,8,1970-12-01,"LinhartEtAl",NA,"Osswald, Albert","SPD","SPD~FDP",0.559698912985356,64,0.581818181818182,"Minimal Winning Coalition"
"132","HE","DE7","Hessen","Hesse",1974-10-27,110,1,10709,9,1974-12-18,"LinhartEtAl",NA,"Osswald, Albert","SPD","SPD~FDP",0.505460280706533,57,0.518181818181818,"Minimal Winning Coalition"
"133","HE","DE7","Hessen","Hesse",1974-10-27,110,2,10710,10,1976-10-20,"LinhartEtAl",NA,"Börner, Holger","SPD","SPD~FDP",0.505460280706533,57,0.518181818181818,"Minimal Winning Coalition"
"134","HE","DE7","Hessen","Hesse",1978-10-08,110,1,10711,11,1978-12-01,"LinhartEtAl",NA,"Börner, Holger","SPD","SPD~FDP",0.508622198227444,57,0.518181818181818,"Minimal Winning Coalition"
"135","HE","DE7","Hessen","Hesse",1982-09-26,110,1,10712,12,1982-12-01,"LinhartEtAl",NA,"Börner, Holger","SPD","SPD",0.428201701749217,49,0.445454545454545,"Single Party Minority"
"136","HE","DE7","Hessen","Hesse",1983-09-25,110,1,10713,13,1983-09-25,"LinhartEtAl",NA,"Börner, Holger","SPD","SPD",0.462297853522367,51,0.463636363636364,"Single Party Minority"
"137","HE","DE7","Hessen","Hesse",1983-09-25,110,2,10714,14,1985-12-12,"LinhartEtAl",NA,"Börner, Holger","SPD","SPD~Grüne",0.521700263763715,58,0.527272727272727,"Minimal Winning Coalition"
"138","HE","DE7","Hessen","Hesse",1983-09-25,110,3,10715,15,1987-02-09,"LinhartEtAl",NA,"Börner, Holger","SPD","SPD",0.462297853522367,51,0.463636363636364,"Single Party Minority"
"139","HE","DE7","Hessen","Hesse",1987-04-05,110,1,10716,16,1987-04-23,"LinhartEtAl",NA,"Wallmann, Walter","CDU","CDU~FDP",0.499381863488415,56,0.509090909090909,"Minimal Winning Coalition"
"140","HE","DE7","Hessen","Hesse",1991-01-20,110,1,10717,17,1991-04-05,"LinhartEtAl",NA,"Eichel, Hans","SPD","SPD~Grüne",0.49651548032991,56,0.509090909090909,"Minimal Winning Coalition"
"141","HE","DE7","Hessen","Hesse",1995-02-19,110,1,10718,18,1995-04-05,"LinhartEtAl",NA,"Eichel, Hans","SPD","SPD~Grüne",0.491671003651012,57,0.518181818181818,"Minimal Winning Coalition"
"142","HE","DE7","Hessen","Hesse",1999-02-07,110,1,10719,19,1999-04-07,"LinhartEtAl",NA,"Koch, Roland","CDU","CDU~FDP",0.485159828765607,56,0.509090909090909,"Minimal Winning Coalition"
"143","HE","DE7","Hessen","Hesse",2003-02-02,110,1,10720,20,2003-04-05,"LinhartEtAl",NA,"Koch, Roland","CDU","CDU",0.487702706260201,56,0.509090909090909,"Single Party Majority"
"144","HE","DE7","Hessen","Hesse",2008-01-27,110,1,10721,21,2008-04-05,"https://de.wikipedia.org/wiki/Kabinett_Koch_II",NA,"Koch, Roland","CDU","CDU",0.368133464627069,42,0.381818181818182,"Single Party Minority"
"145","HE","DE7","Hessen","Hesse",2009-01-18,118,1,10722,22,2009-02-05,"https://de.wikipedia.org/wiki/Kabinett_Koch_III",NA,"Koch, Roland","CDU","CDU~FDP",0.53404990678552,66,0.559322033898305,"Minimal Winning Coalition"
"146","HE","DE7","Hessen","Hesse",2009-01-18,118,2,10723,23,2010-08-31,"https://de.wikipedia.org/wiki/Kabinett_Bouffier_I",NA,"Bouffier, Volker","CDU","CDU~FDP",0.53404990678552,66,0.559322033898305,"Minimal Winning Coalition"
"147","HE","DE7","Hessen","Hesse",2013-09-22,110,1,10724,24,2014-01-18,"https://de.wikipedia.org/wiki/Kabinett_Bouffier_II",NA,"Bouffier, Volker","CDU","CDU~Grüne",0.494539222002433,61,0.554545454545454,"Minimal Winning Coalition"
"148","HE","DE7","Hessen","Hesse",2018-10-28,137,1,10725,25,2019-01-18,"https://de.wikipedia.org/wiki/Kabinett_Bouffier_III",NA,"Bouffier, Volker","CDU","CDU~Grüne",0.46765010181306,69,0.503649635036496,"Minimal Winning Coalition"
"149","HE","DE7","Hessen","Hesse",2018-10-28,137,2,10726,26,2022-05-31,"https://de.wikipedia.org/wiki/Kabinett_Rhein",NA,"Rhein, Boris","CDU","CDU~Grüne",0.46765010181306,69,0.503649635036496,"Minimal Winning Coalition"
"150","HH","DE6","Hamburg","Hamburg",1946-10-13,110,1,10801,1,1946-11-15,"LinhartEtAl",NA,"Brauer, Max","SPD","SPD~KPD (1919)~FDP",0.716339987997742,94,0.854545454545454,"Oversized Coalition"
"151","HH","DE6","Hamburg","Hamburg",1946-10-13,110,2,10802,2,1948-07-28,"LinhartEtAl",NA,"Brauer, Max","SPD","SPD~FDP",0.612450650953325,90,0.818181818181818,"Oversized Coalition"
"152","HH","DE6","Hamburg","Hamburg",1949-10-16,120,1,10803,3,1949-10-16,"LinhartEtAl",NA,"Brauer, Max","SPD","SPD~HamburgBlock/VBH",0.773333840150018,105,0.875,"Oversized Coalition"
"153","HH","DE6","Hamburg","Hamburg",1949-10-16,120,2,10804,4,1950-02-28,"LinhartEtAl",NA,"Brauer, Max","SPD","SPD",0.427876184684,65,0.541666666666667,"Single Party Majority"
"154","HH","DE6","Hamburg","Hamburg",1953-11-01,120,1,10805,5,1953-12-02,"LinhartEtAl",NA,"Sieveking, Kurt","CDU","HamburgBlock/VBH",0.500047615646501,62,0.516666666666667,"Single Party Majority"
"155","HH","DE6","Hamburg","Hamburg",1957-11-10,120,1,10806,6,1957-12-21,"LinhartEtAl",NA,"Brauer, Max","SPD","SPD~FDP",0.625013151178151,79,0.658333333333333,"Oversized Coalition"
"156","HH","DE6","Hamburg","Hamburg",1957-11-10,120,2,10807,7,1961-01-01,"LinhartEtAl",NA,"Nevermann, Paul","SPD","SPD~FDP",0.625013151178151,79,0.658333333333333,"Oversized Coalition"
"157","HH","DE6","Hamburg","Hamburg",1961-11-12,120,1,10808,8,1961-12-13,"LinhartEtAl",NA,"Nevermann, Paul","SPD","SPD~FDP",0.670353241715066,84,0.7,"Oversized Coalition"
"158","HH","DE6","Hamburg","Hamburg",1961-11-12,120,2,10809,9,1965-06-09,"LinhartEtAl",NA,"Weichmann, Herbert","SPD","SPD~FDP",0.670353241715066,84,0.7,"Oversized Coalition"
"159","HH","DE6","Hamburg","Hamburg",1966-03-27,120,1,10810,10,1966-04-27,"LinhartEtAl",NA,"Weichmann, Herbert","SPD","SPD",0.58952608245182,74,0.616666666666667,"Single Party Majority"
"160","HH","DE6","Hamburg","Hamburg",1970-03-22,120,1,10811,11,1970-04-22,"LinhartEtAl",NA,"Weichmann, Herbert","SPD","SPD~FDP",0.623394981975947,79,0.658333333333333,"Oversized Coalition"
"161","HH","DE6","Hamburg","Hamburg",1970-03-22,120,2,10812,12,1971-06-16,"LinhartEtAl",NA,"Schulz, Peter","SPD","SPD~FDP",0.623394981975947,79,0.658333333333333,"Oversized Coalition"
"162","HH","DE6","Hamburg","Hamburg",1974-03-03,120,1,10813,13,1974-04-28,"LinhartEtAl",NA,"Schulz, Peter","SPD","SPD~FDP",0.558589136156975,69,0.575,"Minimal Winning Coalition"
"163","HH","DE6","Hamburg","Hamburg",1974-03-03,120,2,10814,14,1974-11-12,"LinhartEtAl",NA,"Klose, Hans-Ulrich","SPD","SPD~FDP",0.558589136156975,69,0.575,"Minimal Winning Coalition"
"164","HH","DE6","Hamburg","Hamburg",1978-06-04,120,1,10815,15,1978-06-28,"LinhartEtAl",NA,"Klose, Hans-Ulrich","SPD","SPD",0.514755367556451,69,0.575,"Single Party Majority"
"165","HH","DE6","Hamburg","Hamburg",1978-06-04,120,2,10816,16,1981-06-24,"LinhartEtAl",NA,"von Dohnanyi, Klaus","SPD","SPD",0.514755367556451,69,0.575,"Single Party Majority"
"166","HH","DE6","Hamburg","Hamburg",1982-06-06,120,1,10817,17,1982-06-06,"LinhartEtAl",NA,"von Dohnanyi, Klaus","SPD","SPD",0.427111569102331,55,0.458333333333333,"Single Party Minority"
"167","HH","DE6","Hamburg","Hamburg",1982-12-19,120,1,10818,18,1983-02-02,"LinhartEtAl",NA,"von Dohnanyi, Klaus","SPD","SPD",0.513274910366155,64,0.533333333333333,"Single Party Majority"
"168","HH","DE6","Hamburg","Hamburg",1986-11-09,120,1,10819,19,1986-11-09,"LinhartEtAl",NA,"von Dohnanyi, Klaus","SPD","SPD",0.417460696438569,53,0.441666666666667,"Single Party Minority"
"169","HH","DE6","Hamburg","Hamburg",1987-05-17,120,1,10820,20,1987-09-02,"LinhartEtAl",NA,"von Dohnanyi, Klaus","SPD","SPD~FDP",0.515003966186357,63,0.525,"Minimal Winning Coalition"
"170","HH","DE6","Hamburg","Hamburg",1987-05-17,120,2,10821,21,1988-09-08,"LinhartEtAl",NA,"Voscherau, Henning","SPD","SPD~FDP",0.515003966186357,63,0.525,"Minimal Winning Coalition"
"171","HH","DE6","Hamburg","Hamburg",1991-06-02,121,1,10822,22,1991-06-26,"LinhartEtAl",NA,"Voscherau, Henning","SPD","SPD",0.479906022764839,61,0.504132231404959,"Single Party Majority"
"172","HH","DE6","Hamburg","Hamburg",1993-09-19,121,1,10823,23,1993-12-15,"LinhartEtAl",NA,"Voscherau, Henning","SPD","SPD",0.404411399191859,58,0.479338842975207,"Single Party Minority"
"173","HH","DE6","Hamburg","Hamburg",1997-09-21,121,1,10824,24,1997-11-12,"LinhartEtAl",NA,"Runde, Ortwin","SPD","SPD~Grüne",0.501857385370098,75,0.619834710743802,"Minimal Winning Coalition"
"174","HH","DE6","Hamburg","Hamburg",2001-09-23,121,1,10825,25,2001-10-31,"LinhartEtAl",NA,"von Beust, Ole","CDU","CDU~FDP~PRO (Schill)",0.507424753252738,64,0.528925619834711,"Minimal Winning Coalition"
"175","HH","DE6","Hamburg","Hamburg",2004-02-29,121,1,10826,26,2004-03-17,"LinhartEtAl",NA,"von Beust, Ole","CDU","CDU",0.472220334705289,63,0.520661157024793,"Single Party Majority"
"176","HH","DE6","Hamburg","Hamburg",2008-02-24,121,1,10827,27,2008-05-07,"https://de.wikipedia.org/wiki/Senat_von_Beust_III",NA,"von Beust, Ole","CDU","CDU~Grüne",0.521572773304215,68,0.56198347107438,"Minimal Winning Coalition"
"177","HH","DE6","Hamburg","Hamburg",2008-02-24,121,2,10828,28,2010-08-25,"https://de.wikipedia.org/wiki/Senat_Ahlhaus",NA,"Ahlhaus, Christoph","CDU","CDU~Grüne",0.521572773304215,68,0.56198347107438,"Minimal Winning Coalition"
"178","HH","DE6","Hamburg","Hamburg",2008-02-24,121,3,10829,29,2010-11-29,"https://de.wikipedia.org/wiki/Senat_Ahlhaus",NA,"Ahlhaus, Christoph","CDU","CDU",0.425792669359807,56,0.462809917355372,"Single Party Minority"
"179","HH","DE6","Hamburg","Hamburg",2011-02-20,121,1,10830,30,2011-03-07,"https://de.wikipedia.org/wiki/Senat_Scholz_I",NA,"Scholz, Olaf","SPD","SPD",0.484179014005101,62,0.512396694214876,"Single Party Majority"
"180","HH","DE6","Hamburg","Hamburg",2015-02-15,121,1,10831,31,2015-04-15,"https://de.wikipedia.org/wiki/Senat_Scholz_II",NA,"Scholz, Olaf","SPD","SPD~Grüne",0.579017233804057,73,0.603305785123967,"Minimal Winning Coalition"
"181","HH","DE6","Hamburg","Hamburg",2015-02-15,121,2,10832,32,2018-03-28,"https://de.wikipedia.org/wiki/Senat_Tschentscher_I",NA,"Tschentscher, Peter","SPD","SPD~Grüne",0.579017233804057,73,0.603305785123967,"Minimal Winning Coalition"
"182","HH","DE6","Hamburg","Hamburg",2020-02-23,123,1,10833,33,2020-06-10,"https://de.wikipedia.org/wiki/Senat_Tschentscher_II",NA,"Tschentscher, Peter","SPD","SPD~Grüne",0.633977012467581,87,0.707317073170732,"Minimal Winning Coalition"
"183","MV","DE8","Mecklenburg-Vorpommern","Mecklenburg-Vorpommern",1990-10-14,66,1,10901,1,1990-10-27,"LinhartEtAl",NA,"Gomolka, Alfred","CDU","CDU~FDP",0.438115444325273,33,0.5,"Multi Party Minority"
"184","MV","DE8","Mecklenburg-Vorpommern","Mecklenburg-Vorpommern",1990-10-14,66,2,10902,2,1992-02-16,"LinhartEtAl",NA,"Seite, Berndt","CDU","CDU~FDP",0.438115444325273,33,0.5,"Multi Party Minority"
"185","MV","DE8","Mecklenburg-Vorpommern","Mecklenburg-Vorpommern",1994-10-16,71,1,10903,3,1994-12-08,"LinhartEtAl",NA,"Seite, Berndt","CDU","CDU~SPD",0.671499293871252,53,0.746478873239437,"Minimal Winning Coalition"
"186","MV","DE8","Mecklenburg-Vorpommern","Mecklenburg-Vorpommern",1998-09-27,71,1,10904,4,1998-11-03,"LinhartEtAl",NA,"Ringstorff, Harald","SPD","SPD~Linke",0.586554995293243,47,0.661971830985915,"Minimal Winning Coalition"
"187","MV","DE8","Mecklenburg-Vorpommern","Mecklenburg-Vorpommern",2002-09-22,71,1,10905,5,2002-11-06,"LinhartEtAl",NA,"Ringstorff, Harald","SPD","SPD~Linke",0.570273527340879,46,0.647887323943662,"Minimal Winning Coalition"
"188","MV","DE8","Mecklenburg-Vorpommern","Mecklenburg-Vorpommern",2006-09-17,71,1,10906,6,2006-11-07,"https://de.wikipedia.org/wiki/Kabinett_Ringstorff_III",NA,"Ringstorff, Harald","SPD","SPD~CDU",0.590007346640409,45,0.633802816901408,"Minimal Winning Coalition"
"189","MV","DE8","Mecklenburg-Vorpommern","Mecklenburg-Vorpommern",2006-09-17,71,2,10910,7,2008-10-06,"https://de.wikipedia.org/wiki/Kabinett_Sellering_I",NA,"Sellering, Erwin","SPD","SPD~CDU",0.590007346640409,45,0.633802816901408,"Minimal Winning Coalition"
"190","MV","DE8","Mecklenburg-Vorpommern","Mecklenburg-Vorpommern",2011-09-04,71,1,10911,8,2011-10-25,"https://de.wikipedia.org/wiki/Kabinett_Sellering_II",NA,"Sellering, Erwin","SPD","SPD~CDU",0.58590350394423,45,0.633802816901408,"Minimal Winning Coalition"
"191","MV","DE8","Mecklenburg-Vorpommern","Mecklenburg-Vorpommern",2016-09-04,71,1,10912,9,2016-11-01,"https://de.wikipedia.org/wiki/Kabinett_Sellering_III",NA,"Sellering, Erwin","SPD","SPD~CDU",0.49541243447885,42,0.591549295774648,"Minimal Winning Coalition"
"192","MV","DE8","Mecklenburg-Vorpommern","Mecklenburg-Vorpommern",2016-09-04,71,2,10913,10,2017-07-04,"https://de.wikipedia.org/wiki/Kabinett_Schwesig",NA,"Schwesig, Manuela","SPD","SPD~CDU",0.49541243447885,42,0.591549295774648,"Minimal Winning Coalition"
"193","MV","DE8","Mecklenburg-Vorpommern","Mecklenburg-Vorpommern",2021-09-26,79,1,10914,11,2021-11-15,"https://de.wikipedia.org/wiki/Kabinett_Schwesig_II",NA,"Schwesig, Manuela","SPD","SPD~Linke",0.495314943268302,43,0.544303797468354,"Minimal Winning Coalition"
"194","NI","DE9","Niedersachsen","Lower-Saxony",1947-04-20,149,1,11001,1,1947-06-11,"LinhartEtAl",NA,"Kopf, Hinrich Wilhelm","SPD","SPD~Zentrum~KPD (1919)~FDP~DP~CDU",0.997054254173343,149,1,"Oversized Coalition"
"195","NI","DE9","Niedersachsen","Lower-Saxony",1947-04-20,149,2,11002,2,1948-02-05,"LinhartEtAl",NA,"Kopf, Hinrich Wilhelm","SPD","SPD~Zentrum~FDP~DP~CDU",0.940547571253912,141,0.946308724832215,"Oversized Coalition"
"196","NI","DE9","Niedersachsen","Lower-Saxony",1947-04-20,149,3,11003,3,1948-06-09,"LinhartEtAl",NA,"Kopf, Hinrich Wilhelm","SPD","SPD~Zentrum~CDU",0.673713823130834,101,0.677852348993289,"Oversized Coalition"
"197","NI","DE9","Niedersachsen","Lower-Saxony",1947-04-20,149,4,11004,4,1950-09-19,"LinhartEtAl",NA,"Kopf, Hinrich Wilhelm","SPD","SPD~Zentrum",0.474760304926369,71,0.476510067114094,"Multi Party Minority"
"198","NI","DE9","Niedersachsen","Lower-Saxony",1951-05-06,158,1,11005,5,1951-06-13,"LinhartEtAl",NA,"Kopf, Hinrich Wilhelm","SPD","SPD~Zentrum~GB/BHE",0.519523246177682,89,0.563291139240506,"Oversized Coalition"
"199","NI","DE9","Niedersachsen","Lower-Saxony",1951-05-06,158,2,11006,6,1953-12-01,"LinhartEtAl",NA,"Kopf, Hinrich Wilhelm","SPD","SPD~GB/BHE",0.486352554016887,85,0.537974683544304,"Minimal Winning Coalition"
"200","NI","DE9","Niedersachsen","Lower-Saxony",1955-04-24,159,1,11007,7,1955-05-26,"LinhartEtAl",NA,"Hellwege, Heinrich","DP","DP~FDP~GB/BHE~CDU",0.579088015943877,91,0.572327044025157,"Minimal Winning Coalition"
"201","NI","DE9","Niedersachsen","Lower-Saxony",1955-04-24,159,2,11008,8,1957-11-19,"LinhartEtAl",NA,"Hellwege, Heinrich","DP","DP~CDU~SPD",0.74190848829196,121,0.761006289308176,"Oversized Coalition"
"202","NI","DE9","Niedersachsen","Lower-Saxony",1959-04-19,157,1,11009,9,1959-05-12,"LinhartEtAl",NA,"Kopf, Hinrich Wilhelm","SPD","SPD~FDP~GB/BHE",0.530037563318279,86,0.547770700636943,"Minimal Winning Coalition"
"203","NI","DE9","Niedersachsen","Lower-Saxony",1959-04-19,157,2,11010,10,1961-12-29,"LinhartEtAl",NA,"Diederichs, Georg","SPD","SPD~FDP~GB/BHE",0.530037563318279,86,0.547770700636943,"Minimal Winning Coalition"
"204","NI","DE9","Niedersachsen","Lower-Saxony",1963-05-19,149,1,11011,11,1963-06-12,"LinhartEtAl",NA,"Diederichs, Georg","SPD","SPD~FDP",0.537506378683306,87,0.583892617449664,"Minimal Winning Coalition"
"205","NI","DE9","Niedersachsen","Lower-Saxony",1963-05-19,149,2,11012,12,1965-05-19,"LinhartEtAl",NA,"Diederichs, Georg","SPD","SPD~CDU",0.82640266827162,135,0.906040268456376,"Minimal Winning Coalition"
"206","NI","DE9","Niedersachsen","Lower-Saxony",1967-06-04,149,1,11013,13,1967-07-05,"LinhartEtAl",NA,"Diederichs, Georg","SPD","SPD~CDU",0.848332296437577,129,0.865771812080537,"Minimal Winning Coalition"
"207","NI","DE9","Niedersachsen","Lower-Saxony",1970-06-14,149,1,11014,14,1970-07-08,"LinhartEtAl",NA,"Kubel, Alfred","SPD","SPD",0.462596121396512,75,0.503355704697987,"Single Party Majority"
"208","NI","DE9","Niedersachsen","Lower-Saxony",1974-06-09,155,1,11015,15,1974-07-10,"LinhartEtAl",NA,"Kubel, Alfred","SPD","SPD~FDP",0.501422972743749,78,0.503225806451613,"Minimal Winning Coalition"
"209","NI","DE9","Niedersachsen","Lower-Saxony",1974-06-09,155,2,11016,16,1976-01-15,"LinhartEtAl",NA,"Albrecht, Ernst","CDU","CDU~FDP~SPD",0.989614195336894,155,1,"Oversized Coalition"
"210","NI","DE9","Niedersachsen","Lower-Saxony",1974-06-09,155,3,11017,17,1976-02-06,"LinhartEtAl",NA,"Albrecht, Ernst","CDU","CDU",0.488191222593145,77,0.496774193548387,"Single Party Minority"
"211","NI","DE9","Niedersachsen","Lower-Saxony",1974-06-09,155,4,11018,18,1977-01-19,"LinhartEtAl",NA,"Albrecht, Ernst","CDU","CDU~FDP",0.558499874234851,88,0.567741935483871,"Minimal Winning Coalition"
"212","NI","DE9","Niedersachsen","Lower-Saxony",1978-06-04,155,1,11019,19,1978-06-28,"LinhartEtAl",NA,"Albrecht, Ernst","CDU","CDU",0.48660395094838,83,0.535483870967742,"Single Party Majority"
"213","NI","DE9","Niedersachsen","Lower-Saxony",1982-03-21,171,1,11020,20,1982-06-22,"LinhartEtAl",NA,"Albrecht, Ernst","CDU","CDU",0.506912033236728,87,0.508771929824561,"Single Party Majority"
"214","NI","DE9","Niedersachsen","Lower-Saxony",1986-06-15,155,1,11021,21,1986-07-09,"LinhartEtAl",NA,"Albrecht, Ernst","CDU","CDU~FDP",0.503461098224938,78,0.503225806451613,"Minimal Winning Coalition"
"215","NI","DE9","Niedersachsen","Lower-Saxony",1990-05-13,155,1,11022,22,1990-06-21,"LinhartEtAl",NA,"Schröder, Gerhard","SPD","SPD~Grüne",0.496908423886748,79,0.509677419354839,"Minimal Winning Coalition"
"216","NI","DE9","Niedersachsen","Lower-Saxony",1994-03-13,161,1,11023,23,1994-06-23,"LinhartEtAl",NA,"Schröder, Gerhard","SPD","SPD",0.442601483965365,81,0.503105590062112,"Single Party Majority"
"217","NI","DE9","Niedersachsen","Lower-Saxony",1998-03-01,157,1,11024,24,1998-03-30,"LinhartEtAl",NA,"Schröder, Gerhard","SPD","SPD",0.479376500023639,83,0.528662420382166,"Single Party Majority"
"218","NI","DE9","Niedersachsen","Lower-Saxony",1998-03-01,157,2,11025,25,1998-10-28,"LinhartEtAl",NA,"Glogowski, Gerhard","SPD","SPD",0.479376500023639,83,0.528662420382166,"Single Party Majority"
"219","NI","DE9","Niedersachsen","Lower-Saxony",1998-03-01,157,3,11026,26,1999-12-15,"LinhartEtAl",NA,"Gabriel, Siegmar","SPD","SPD",0.479376500023639,83,0.528662420382166,"Single Party Majority"
"220","NI","DE9","Niedersachsen","Lower-Saxony",2003-02-02,183,1,11027,27,2003-03-04,"LinhartEtAl",NA,"Wulff, Christian","CDU","CDU~FDP",0.564296415997052,106,0.579234972677596,"Minimal Winning Coalition"
"221","NI","DE9","Niedersachsen","Lower-Saxony",2008-01-27,152,1,11028,28,2008-02-26,"https://de.wikipedia.org/wiki/Kabinett_Wulff_II",NA,"Wulff, Christian","CDU","CDU~FDP",0.506964097312276,81,0.532894736842105,"Minimal Winning Coalition"
"222","NI","DE9","Niedersachsen","Lower-Saxony",2008-01-27,152,2,11029,29,2010-07-01,"https://de.wikipedia.org/wiki/Kabinett_McAllister",NA,"McAllister, David","CDU","CDU~FDP",0.506964097312276,81,0.532894736842105,"Minimal Winning Coalition"
"223","NI","DE9","Niedersachsen","Lower-Saxony",2013-01-20,137,1,11030,30,2013-02-19,"https://de.wikipedia.org/wiki/Kabinett_Weil_I",NA,"Weil, Stephan","SPD","SPD~Grüne",0.462919801952502,69,0.503649635036496,"Minimal Winning Coalition"
"224","NI","DE9","Niedersachsen","Lower-Saxony",2017-10-15,137,1,11031,31,2017-11-22,"https://de.wikipedia.org/wiki/Kabinett_Weil_II",NA,"Weil, Stephan","SPD","SPD~CDU",0.705627702234936,105,0.766423357664234,"Minimal Winning Coalition"
"225","NI","DE9","Niedersachsen","Lower-Saxony",2022-10-09,146,1,11032,32,2022-11-08,"https://de.wikipedia.org/wiki/Kabinett_Weil_III",NA,"Weil, Stephan","SPD","SPD~Grüne",0.479701274822362,81,0.554794520547945,"Minimal Winning Coalition"
"226","NW","DEA","Nordrhein-Westfalen","North Rhine-Westphalia",1947-04-20,216,1,11101,1,1947-06-17,"LinhartEtAl",NA,"Arnold, Karl","CDU","CDU~Zentrum~KPD (1919)~SPD",0.932733492785289,204,0.944444444444444,"Oversized Coalition"
"227","NW","DEA","Nordrhein-Westfalen","North Rhine-Westphalia",1947-04-20,216,2,11102,2,1948-02-07,"LinhartEtAl",NA,"Arnold, Karl","CDU","CDU~Zentrum~SPD",0.793058590242145,176,0.814814814814815,"Oversized Coalition"
"228","NW","DEA","Nordrhein-Westfalen","North Rhine-Westphalia",1950-06-18,215,1,11103,3,1950-07-27,"LinhartEtAl",NA,"Arnold, Karl","CDU","CDU",0.368747114431158,93,0.432558139534884,"Single Party Minority"
"229","NW","DEA","Nordrhein-Westfalen","North Rhine-Westphalia",1950-06-18,215,2,11104,4,1950-09-15,"LinhartEtAl",NA,"Arnold, Karl","CDU","CDU~Zentrum",0.443975012888807,109,0.506976744186046,"Minimal Winning Coalition"
"230","NW","DEA","Nordrhein-Westfalen","North Rhine-Westphalia",1954-06-27,200,1,11105,5,1954-07-27,"LinhartEtAl",NA,"Arnold, Karl","CDU","CDU~Zentrum~FDP",0.567463216096792,124,0.62,"Oversized Coalition"
"231","NW","DEA","Nordrhein-Westfalen","North Rhine-Westphalia",1954-06-27,200,2,11106,6,1956-02-20,"LinhartEtAl",NA,"Steinhoff, Fritz","SPD","SPD~Zentrum~FDP",0.499824138687625,110,0.55,"Oversized Coalition"
"232","NW","DEA","Nordrhein-Westfalen","North Rhine-Westphalia",1958-07-06,200,1,11107,7,1958-07-21,"LinhartEtAl",NA,"Meyers, Franz","CDU","CDU",0.504696673879221,104,0.52,"Single Party Majority"
"233","NW","DEA","Nordrhein-Westfalen","North Rhine-Westphalia",1962-07-08,200,1,11108,8,1962-07-23,"LinhartEtAl",NA,"Meyers, Franz","CDU","CDU~FDP",0.532694872804642,110,0.55,"Minimal Winning Coalition"
"234","NW","DEA","Nordrhein-Westfalen","North Rhine-Westphalia",1966-07-10,200,1,11109,9,1966-07-25,"LinhartEtAl",NA,"Meyers, Franz","CDU","CDU~FDP",0.501838163636774,101,0.505,"Minimal Winning Coalition"
"235","NW","DEA","Nordrhein-Westfalen","North Rhine-Westphalia",1966-07-10,200,2,11110,10,1966-12-01,"LinhartEtAl",NA,"Meyers, Franz","CDU","CDU",0.427648462808222,86,0.43,"Single Party Minority"
"236","NW","DEA","Nordrhein-Westfalen","North Rhine-Westphalia",1966-07-10,200,3,11111,11,1966-12-08,"LinhartEtAl",NA,"Kühn, Heinz","SPD","SPD~FDP",0.568963767368612,114,0.57,"Minimal Winning Coalition"
"237","NW","DEA","Nordrhein-Westfalen","North Rhine-Westphalia",1970-06-14,200,1,11112,12,1970-07-28,"LinhartEtAl",NA,"Kühn, Heinz","SPD","SPD~FDP",0.515708368005032,105,0.525,"Minimal Winning Coalition"
"238","NW","DEA","Nordrhein-Westfalen","North Rhine-Westphalia",1975-05-04,200,1,11113,13,1975-06-04,"LinhartEtAl",NA,"Kühn, Heinz","SPD","SPD~FDP",0.518467327440838,105,0.525,"Minimal Winning Coalition"
"239","NW","DEA","Nordrhein-Westfalen","North Rhine-Westphalia",1975-05-04,200,2,11114,14,1978-09-20,"LinhartEtAl",NA,"Rau, Johannes","SPD","SPD~FDP",0.518467327440838,105,0.525,"Minimal Winning Coalition"
"240","NW","DEA","Nordrhein-Westfalen","North Rhine-Westphalia",1980-05-11,201,1,11115,15,1980-06-04,"LinhartEtAl",NA,"Rau, Johannes","SPD","SPD",0.484401311888413,106,0.527363184079602,"Single Party Majority"
"241","NW","DEA","Nordrhein-Westfalen","North Rhine-Westphalia",1985-05-12,227,1,11116,16,1985-06-05,"LinhartEtAl",NA,"Rau, Johannes","SPD","SPD",0.521375313309647,125,0.550660792951542,"Single Party Majority"
"242","NW","DEA","Nordrhein-Westfalen","North Rhine-Westphalia",1990-05-13,239,1,11117,17,1990-06-06,"LinhartEtAl",NA,"Rau, Johannes","SPD","SPD",0.499832543655417,123,0.514644351464435,"Single Party Majority"
"243","NW","DEA","Nordrhein-Westfalen","North Rhine-Westphalia",1995-05-14,221,1,11118,18,1995-07-06,"LinhartEtAl",NA,"Rau, Johannes","SPD","SPD~Grüne",0.560328951374057,132,0.597285067873303,"Minimal Winning Coalition"
"244","NW","DEA","Nordrhein-Westfalen","North Rhine-Westphalia",1995-05-14,221,2,11119,19,1998-05-27,"LinhartEtAl",NA,"Clement, Wolfgang","SPD","SPD~Grüne",0.560328951374057,132,0.597285067873303,"Minimal Winning Coalition"
"245","NW","DEA","Nordrhein-Westfalen","North Rhine-Westphalia",2000-05-14,231,1,11120,20,2000-06-21,"LinhartEtAl",NA,"Clement, Wolfgang","SPD","SPD~Grüne",0.499082453259503,119,0.515151515151515,"Minimal Winning Coalition"
"246","NW","DEA","Nordrhein-Westfalen","North Rhine-Westphalia",2000-05-14,231,2,11121,21,2002-11-06,"LinhartEtAl",NA,"Steinbrück, Peer","SPD","SPD~Grüne",0.499082453259503,119,0.515151515151515,"Minimal Winning Coalition"
"247","NW","DEA","Nordrhein-Westfalen","North Rhine-Westphalia",2005-05-22,187,1,11122,22,2005-06-22,"LinhartEtAl",NA,"Rüttgers, Jürgen","CDU","CDU~FDP",0.510039405561417,101,0.540106951871658,"Minimal Winning Coalition"
"248","NW","DEA","Nordrhein-Westfalen","North Rhine-Westphalia",2010-05-09,181,1,11123,23,2010-07-15,"https://de.wikipedia.org/wiki/Kabinett_Kraft_I",NA,"Kraft, Hannelore","SPD","SPD~Grüne",0.466072876831089,90,0.497237569060773,"Multi Party Minority"
"249","NW","DEA","Nordrhein-Westfalen","North Rhine-Westphalia",2012-05-13,237,1,11124,24,2012-06-21,"https://de.wikipedia.org/wiki/Kabinett_Kraft_II",NA,"Kraft, Hannelore","SPD","SPD~Grüne",0.504783618670528,128,0.540084388185654,"Minimal Winning Coalition"
"250","NW","DEA","Nordrhein-Westfalen","North Rhine-Westphalia",2017-05-14,199,1,11125,25,2017-06-27,"https://de.wikipedia.org/wiki/Kabinett_Laschet",NA,"Laschet, Armin","CDU","CDU~FDP",0.455025577287213,100,0.50251256281407,"Minimal Winning Coalition"
"251","NW","DEA","Nordrhein-Westfalen","North Rhine-Westphalia",2017-05-14,199,2,11126,26,2021-10-28,"https://de.wikipedia.org/wiki/Kabinett_W%C3%BCst",NA,"Wüst, Hendrik","CDU","CDU~FDP",0.455025577287213,100,0.50251256281407,"Minimal Winning Coalition"
"252","NW","DEA","Nordrhein-Westfalen","North Rhine-Westphalia",2022-05-15,195,1,11127,27,2022-06-29,"https://de.wikipedia.org/wiki/Kabinett_W%C3%BCst_II",NA,"Wüst, Hendrik","CDU","CDU~Grüne",0.538993716235909,115,0.58974358974359,"Minimal Winning Coalition"
"253","RP","DEB","Rheinland-Pfalz","Rhineland-Palatine",1947-05-18,101,1,11201,1,1947-07-09,"LinhartEtAl",NA,"Altmeier, Peter","CDU","CDU~KPD (1919)~FDP~SPD",1,101,1,"Oversized Coalition"
"254","RP","DEB","Rheinland-Pfalz","Rhineland-Palatine",1947-05-18,101,2,11202,2,1948-04-09,"LinhartEtAl",NA,"Altmeier, Peter","CDU","CDU~SPD",0.815182265738313,82,0.811881188118812,"Minimal Winning Coalition"
"255","RP","DEB","Rheinland-Pfalz","Rhineland-Palatine",1947-05-18,101,3,11203,3,1949-10-20,"LinhartEtAl",NA,"Altmeier, Peter","CDU","CDU",0.471878089870221,48,0.475247524752475,"Single Party Minority"
"256","RP","DEB","Rheinland-Pfalz","Rhineland-Palatine",1947-05-18,101,4,11204,4,1949-12-14,"LinhartEtAl",NA,"Altmeier, Peter","CDU","CDU~SPD",0.815182265738313,82,0.811881188118812,"Minimal Winning Coalition"
"257","RP","DEB","Rheinland-Pfalz","Rhineland-Palatine",1951-04-29,100,1,11205,5,1951-06-13,"LinhartEtAl",NA,"Altmeier, Peter","CDU","CDU~FDP",0.558945903635415,62,0.62,"Minimal Winning Coalition"
"258","RP","DEB","Rheinland-Pfalz","Rhineland-Palatine",1955-05-15,100,1,11206,6,1955-06-01,"LinhartEtAl",NA,"Altmeier, Peter","CDU","CDU~FDP",0.59553840723967,64,0.64,"Oversized Coalition"
"259","RP","DEB","Rheinland-Pfalz","Rhineland-Palatine",1959-04-19,100,1,11207,7,1959-05-19,"LinhartEtAl",NA,"Altmeier, Peter","CDU","CDU~FDP",0.581172467842514,62,0.62,"Oversized Coalition"
"260","RP","DEB","Rheinland-Pfalz","Rhineland-Palatine",1963-03-31,100,1,11208,8,1963-05-18,"LinhartEtAl",NA,"Altmeier, Peter","CDU","CDU~FDP",0.545062842156799,57,0.57,"Minimal Winning Coalition"
"261","RP","DEB","Rheinland-Pfalz","Rhineland-Palatine",1967-04-23,100,1,11209,9,1967-05-18,"LinhartEtAl",NA,"Altmeier, Peter","CDU","CDU~FDP",0.550029040775852,57,0.57,"Minimal Winning Coalition"
"262","RP","DEB","Rheinland-Pfalz","Rhineland-Palatine",1967-04-23,100,2,11210,10,1969-05-19,"LinhartEtAl",NA,"Kohl, Helmut","CDU","CDU~FDP",0.550029040775852,57,0.57,"Minimal Winning Coalition"
"263","RP","DEB","Rheinland-Pfalz","Rhineland-Palatine",1971-03-21,100,1,11211,11,1971-05-18,"LinhartEtAl",NA,"Kohl, Helmut","CDU","CDU",0.499832705939482,52,0.52,"Single Party Majority"
"264","RP","DEB","Rheinland-Pfalz","Rhineland-Palatine",1975-03-09,100,1,11212,12,1975-05-20,"LinhartEtAl",NA,"Kohl, Helmut","CDU","CDU",0.53919841771749,55,0.55,"Single Party Majority"
"265","RP","DEB","Rheinland-Pfalz","Rhineland-Palatine",1975-03-09,100,2,11213,13,1976-12-02,"LinhartEtAl",NA,"Vogel, Bernhard","CDU","CDU",0.53919841771749,55,0.55,"Single Party Majority"
"266","RP","DEB","Rheinland-Pfalz","Rhineland-Palatine",1979-03-18,100,1,11214,14,1979-05-18,"LinhartEtAl",NA,"Vogel, Bernhard","CDU","CDU",0.501011654627519,51,0.51,"Single Party Majority"
"267","RP","DEB","Rheinland-Pfalz","Rhineland-Palatine",1983-03-06,100,1,11215,15,1983-05-18,"LinhartEtAl",NA,"Vogel, Bernhard","CDU","CDU",0.519238941986401,57,0.57,"Single Party Majority"
"268","RP","DEB","Rheinland-Pfalz","Rhineland-Palatine",1987-05-17,100,1,11216,16,1987-06-23,"LinhartEtAl",NA,"Vogel, Bernhard","CDU","CDU~FDP",0.523753578950946,55,0.55,"Minimal Winning Coalition"
"269","RP","DEB","Rheinland-Pfalz","Rhineland-Palatine",1987-05-17,100,2,11217,17,1988-12-08,"LinhartEtAl",NA,"Wagner, Carl-Ludwig","CDU","CDU~FDP",0.523753578950946,55,0.55,"Minimal Winning Coalition"
"270","RP","DEB","Rheinland-Pfalz","Rhineland-Palatine",1991-04-21,101,1,11218,18,1991-05-21,"LinhartEtAl",NA,"Scharping, Rudolf","SPD","SPD~FDP",0.516651634251699,54,0.534653465346535,"Minimal Winning Coalition"
"271","RP","DEB","Rheinland-Pfalz","Rhineland-Palatine",1991-04-21,101,2,11219,19,1994-10-26,"LinhartEtAl",NA,"Beck, Kurt","SPD","SPD~FDP",0.516651634251699,54,0.534653465346535,"Minimal Winning Coalition"
"272","RP","DEB","Rheinland-Pfalz","Rhineland-Palatine",1996-03-24,101,1,11220,20,1996-05-20,"LinhartEtAl",NA,"Beck, Kurt","SPD","SPD~FDP",0.487450853456321,53,0.524752475247525,"Minimal Winning Coalition"
"273","RP","DEB","Rheinland-Pfalz","Rhineland-Palatine",2001-03-25,101,1,11221,21,2001-05-18,"LinhartEtAl",NA,"Beck, Kurt","SPD","SPD~FDP",0.525691361215718,57,0.564356435643564,"Minimal Winning Coalition"
"274","RP","DEB","Rheinland-Pfalz","Rhineland-Palatine",2006-03-26,101,1,11222,22,2006-05-18,"https://de.wikipedia.org/wiki/Kabinett_Beck_IV",NA,"Beck, Kurt","SPD","SPD",0.45597652172425,53,0.524752475247525,"Single Party Majority"
"275","RP","DEB","Rheinland-Pfalz","Rhineland-Palatine",2011-03-27,101,1,11223,23,2011-05-18,"https://de.wikipedia.org/wiki/Kabinett_Beck_V",NA,"Beck, Kurt","SPD","SPD~Grüne",0.511354591376559,60,0.594059405940594,"Minimal Winning Coalition"
"276","RP","DEB","Rheinland-Pfalz","Rhineland-Palatine",2011-03-27,101,2,11224,24,2013-01-16,"https://de.wikipedia.org/wiki/Kabinett_Dreyer_I",NA,"Dreyer, Malu","SPD","SPD~Grüne",0.511354591376559,60,0.594059405940594,"Minimal Winning Coalition"
"277","RP","DEB","Rheinland-Pfalz","Rhineland-Palatine",2016-03-13,101,1,11225,25,2016-05-18,"https://de.wikipedia.org/wiki/Kabinett_Dreyer_II",NA,"Dreyer, Malu","SPD","SPD~Grüne~FDP",0.477514771514971,52,0.514851485148515,"Minimal Winning Coalition"
"278","RP","DEB","Rheinland-Pfalz","Rhineland-Palatine",2021-03-14,101,1,11226,26,2021-05-18,"https://de.wikipedia.org/wiki/Kabinett_Dreyer_III",NA,"Dreyer, Malu","SPD","SPD~FDP~Grüne",0.505267254438133,55,0.544554455445545,"Minimal Winning Coalition"
"279","SH","DEF","Schleswig-Holstein","Schleswig-Holstein",1947-04-20,70,1,11601,1,1947-04-29,"LinhartEtAl",NA,"Lüdemann, Hermann","SPD","SPD",0.43793537854872,43,0.614285714285714,"Single Party Majority"
"280","SH","DEF","Schleswig-Holstein","Schleswig-Holstein",1947-04-20,70,2,11602,2,1949-08-29,"LinhartEtAl",NA,"Diekmann, Bruno","SPD","SPD",0.43793537854872,43,0.614285714285714,"Single Party Majority"
"281","SH","DEF","Schleswig-Holstein","Schleswig-Holstein",1950-07-09,69,1,11603,3,1950-09-05,"LinhartEtAl",NA,"Bartram, Walter","CDU","CDU~DP~FDP~GB/BHE",0.597832868817322,46,0.666666666666667,"Oversized Coalition"
"282","SH","DEF","Schleswig-Holstein","Schleswig-Holstein",1950-07-09,69,2,11604,4,1951-06-25,"LinhartEtAl",NA,"Lübke, Friedrich Wilhelm","CDU","CDU~FDP",0.268051671876263,24,0.347826086956522,"Multi Party Minority"
"283","SH","DEF","Schleswig-Holstein","Schleswig-Holstein",1950-07-09,69,3,11605,5,1951-07-28,"LinhartEtAl",NA,"Lübke, Friedrich Wilhelm","CDU","CDU~DP~FDP~GB/BHE",0.597832868817322,46,0.666666666666667,"Oversized Coalition"
"284","SH","DEF","Schleswig-Holstein","Schleswig-Holstein",1950-07-09,69,4,11606,6,1952-01-04,"LinhartEtAl",NA,"Lübke, Friedrich Wilhelm","CDU","CDU~DP~GB/BHE",0.527304235867348,38,0.550724637681159,"Minimal Winning Coalition"
"285","SH","DEF","Schleswig-Holstein","Schleswig-Holstein",1950-07-09,69,5,11607,7,1953-01-19,"LinhartEtAl",NA,"Lübke, Friedrich Wilhelm","CDU","CDU~GB/BHE",0.431428588862904,31,0.449275362318841,"Multi Party Minority"
"286","SH","DEF","Schleswig-Holstein","Schleswig-Holstein",1954-09-12,69,1,11608,8,1954-10-11,"LinhartEtAl",NA,"von Hassel, Kai-Uwe","CDU","CDU~FDP~GB/BHE",0.53723222539287,40,0.579710144927536,"Oversized Coalition"
"287","SH","DEF","Schleswig-Holstein","Schleswig-Holstein",1958-09-28,69,1,11609,9,1958-09-28,"LinhartEtAl",NA,"von Hassel, Kai-Uwe","CDU","CDU~FDP",0.497868966282256,36,0.521739130434783,"Minimal Winning Coalition"
"288","SH","DEF","Schleswig-Holstein","Schleswig-Holstein",1962-09-23,69,1,11610,10,1962-09-23,"LinhartEtAl",NA,"von Hassel, Kai-Uwe","CDU","CDU",0.450327051752362,34,0.492753623188406,"Single Party Minority"
"289","SH","DEF","Schleswig-Holstein","Schleswig-Holstein",1962-09-23,69,2,11611,11,1963-01-07,"LinhartEtAl",NA,"Lemke, Helmut","CDU","CDU~FDP",0.529131864334605,39,0.565217391304348,"Minimal Winning Coalition"
"290","SH","DEF","Schleswig-Holstein","Schleswig-Holstein",1967-04-23,73,1,11612,12,1967-04-23,"LinhartEtAl",NA,"Lemke, Helmut","CDU","CDU~FDP",0.518639892045141,38,0.520547945205479,"Minimal Winning Coalition"
"291","SH","DEF","Schleswig-Holstein","Schleswig-Holstein",1967-04-23,73,2,11613,13,1971-02-03,"LinhartEtAl",NA,"Lemke, Helmut","CDU","CDU",0.459773190993814,34,0.465753424657534,"Single Party Minority"
"292","SH","DEF","Schleswig-Holstein","Schleswig-Holstein",1971-04-25,73,1,11614,14,1971-05-24,"LinhartEtAl",NA,"Stoltenberg, Gerhard","CDU","CDU",0.518720875081103,40,0.547945205479452,"Single Party Majority"
"293","SH","DEF","Schleswig-Holstein","Schleswig-Holstein",1975-04-13,73,1,11615,15,1975-04-13,"LinhartEtAl",NA,"Stoltenberg, Gerhard","CDU","CDU",0.503911455103833,37,0.506849315068493,"Single Party Majority"
"294","SH","DEF","Schleswig-Holstein","Schleswig-Holstein",1979-04-29,73,1,11616,16,1979-04-29,"LinhartEtAl",NA,"Stoltenberg, Gerhard","CDU","CDU",0.482947515764903,37,0.506849315068493,"Single Party Majority"
"295","SH","DEF","Schleswig-Holstein","Schleswig-Holstein",1979-04-29,73,2,11617,17,1982-10-14,"LinhartEtAl",NA,"Barschel, Uwe","CDU","CDU",0.482947515764903,37,0.506849315068493,"Single Party Majority"
"296","SH","DEF","Schleswig-Holstein","Schleswig-Holstein",1983-03-13,74,1,11618,18,1983-03-13,"LinhartEtAl",NA,"Barschel, Uwe","CDU","CDU",0.489967349826042,39,0.527027027027027,"Single Party Majority"
"297","SH","DEF","Schleswig-Holstein","Schleswig-Holstein",1987-09-13,74,1,11619,19,1987-09-13,"LinhartEtAl",NA,"Barschel, Uwe","CDU","CDU",0.426108812956602,33,0.445945945945946,"Single Party Minority"
"298","SH","DEF","Schleswig-Holstein","Schleswig-Holstein",1987-09-13,74,2,11620,20,1987-10-02,"LinhartEtAl",NA,"Schwarz, Henning","CDU","CDU",0.426108812956602,33,0.445945945945946,"Single Party Minority"
"299","SH","DEF","Schleswig-Holstein","Schleswig-Holstein",1988-05-08,74,1,11621,21,1988-05-31,"LinhartEtAl",NA,"Engholm, Björn","SPD","SPD",0.547571955474628,46,0.621621621621622,"Single Party Majority"
"300","SH","DEF","Schleswig-Holstein","Schleswig-Holstein",1992-04-05,89,1,11622,22,1992-05-05,"LinhartEtAl",NA,"Engholm, Björn","SPD","SPD",0.462008765320997,45,0.50561797752809,"Single Party Majority"
"301","SH","DEF","Schleswig-Holstein","Schleswig-Holstein",1992-04-05,89,2,11623,23,1993-05-19,"LinhartEtAl",NA,"Simonis, Heide","SPD","SPD",0.462008765320997,45,0.50561797752809,"Single Party Majority"
"302","SH","DEF","Schleswig-Holstein","Schleswig-Holstein",1996-03-24,75,1,11624,24,1996-05-22,"LinhartEtAl",NA,"Simonis, Heide","SPD","SPD~Grüne",0.479126389399289,39,0.52,"Minimal Winning Coalition"
"303","SH","DEF","Schleswig-Holstein","Schleswig-Holstein",2000-02-27,89,1,11625,25,2000-03-28,"LinhartEtAl",NA,"Simonis, Heide","SPD","SPD~Grüne",0.49321697484318,46,0.51685393258427,"Minimal Winning Coalition"
"304","SH","DEF","Schleswig-Holstein","Schleswig-Holstein",2005-02-20,69,1,11626,26,2005-04-27,"LinhartEtAl",NA,"Carstensen, Peter Harry","CDU","CDU~SPD",0.788242304703427,59,0.855072463768116,"Minimal Winning Coalition"
"305","SH","DEF","Schleswig-Holstein","Schleswig-Holstein",2009-09-27,95,1,11627,27,2009-10-27,"https://de.wikipedia.org/wiki/Kabinett_Carstensen_II",NA,"Carstensen, Peter Harry","CDU","CDU~FDP",0.46460472269656,48,0.505263157894737,"Minimal Winning Coalition"
"306","SH","DEF","Schleswig-Holstein","Schleswig-Holstein",2012-05-06,69,1,11628,28,2012-06-12,"https://de.wikipedia.org/wiki/Kabinett_Albig",NA,"Albig, Torsten","SPD","SPD~SSW~Grüne",0.481783308693126,35,0.507246376811594,"Minimal Winning Coalition"
"307","SH","DEF","Schleswig-Holstein","Schleswig-Holstein",2017-05-07,73,1,11629,29,2017-06-28,"https://de.wikipedia.org/wiki/Kabinett_G%C3%BCnther",NA,"Günther, Daniel","CDU","CDU~FDP~Grüne",0.563359439216335,44,0.602739726027397,"Minimal Winning Coalition"
"308","SH","DEF","Schleswig-Holstein","Schleswig-Holstein",2022-05-08,69,1,11630,30,2022-06-29,"https://de.wikipedia.org/wiki/Kabinett_G%C3%BCnther_II",NA,"Günther, Daniel","CDU","CDU~Grüne",0.6170702278654,48,0.695652173913043,"Minimal Winning Coalition"
"309","SL","DEC","Saarland","Saarland",1947-10-05,50,1,11314,1,1947-12-20,"https://de.wikipedia.org/wiki/Kabinett_Hoffmann_I_(Saarland)",NA,"Hoffmann, Johannes","CVP","CVP~SPS",0.839420328539811,45,0.9,"Oversized Coalition"
"310","SL","DEC","Saarland","Saarland",1947-10-05,50,2,11315,2,1951-04-14,"https://de.wikipedia.org/wiki/Kabinett_Hoffmann_II_(Saarland)",NA,"Hoffmann, Johannes","CVP","CVP",0.511788061793067,28,0.56,"Single Party Majority"
"311","SL","DEC","Saarland","Saarland",1952-11-30,50,1,11316,3,1952-12-23,"https://de.wikipedia.org/wiki/Kabinett_Hoffmann_III",NA,"Hoffmann, Johannes","CVP","CVP~SPS",0.871789184863382,46,0.92,"Oversized Coalition"
"312","SL","DEC","Saarland","Saarland",1952-11-30,50,2,11317,4,1954-07-17,"https://de.wikipedia.org/wiki/Kabinett_Hoffmann_IV",NA,"Hoffmann, Johannes","CVP","CVP",0.547399108265691,29,0.58,"Single Party Majority"
"313","SL","DEC","Saarland","Saarland",1952-11-30,50,3,11318,5,1955-10-29,"https://de.wikipedia.org/wiki/Kabinett_Welsch","Fully Independent Cabinet","Welsch, Heinrich","Independent",NA,NA,NA,NA,"Caretaker Government"
"314","SL","DEC","Saarland","Saarland",1955-12-18,50,1,11319,6,1956-01-10,"https://de.wikipedia.org/wiki/Kabinett_Ney",NA,"Ney, Hubert","CDU","CDU~SPD~FDP",0.639094400852712,33,0.66,"Oversized Coalition"
"315","SL","DEC","Saarland","Saarland",1955-12-18,50,2,11320,7,1956-12-17,"https://de.wikipedia.org/wiki/Kabinett_Ney",NA,"Reinert, Egon","CDU","CDU~SPD",0.39705929776859,21,0.42,"Multi Party Minority"
"316","SL","DEC","Saarland","Saarland",1955-12-18,50,3,11321,8,1957-06-04,"https://de.wikipedia.org/wiki/Kabinett_Reinert_I",NA,"Reinert, Egon","CDU","CDU~SPD~FDP",0.639094400852712,33,0.66,"Oversized Coalition"
"317","SL","DEC","Saarland","Saarland",1955-12-18,50,4,11322,9,1959-02-26,"https://de.wikipedia.org/wiki/Kabinett_Reinert_II",NA,"Reinert, Egon","CDU","CDU~SPD~CVP",0.615427569550171,34,0.68,"Oversized Coalition"
"318","SL","DEC","Saarland","Saarland",1955-12-18,50,5,11323,10,1959-04-30,"https://de.wikipedia.org/wiki/Kabinett_R%C3%B6der_I",NA,"Röder, Franz-Josef","CDU","CDU~SPD",0.39705929776859,21,0.42,"Multi Party Minority"
"319","SL","DEC","Saarland","Saarland",1960-12-04,50,1,11301,11,1961-01-17,"LinhartEtAl",NA,"Röder, Franz-Josef","CDU","CDU~FDP",0.504432916941925,26,0.52,"Minimal Winning Coalition"
"320","SL","DEC","Saarland","Saarland",1965-06-27,50,1,11302,12,1965-07-10,"LinhartEtAl",NA,"Röder, Franz-Josef","CDU","CDU~FDP",0.51040244992907,27,0.54,"Minimal Winning Coalition"
"321","SL","DEC","Saarland","Saarland",1970-06-14,50,1,11303,13,1970-07-13,"LinhartEtAl",NA,"Röder, Franz-Josef","CDU","CDU",0.47849909070155,27,0.54,"Single Party Majority"
"322","SL","DEC","Saarland","Saarland",1975-05-04,50,1,11304,14,1975-05-04,"LinhartEtAl",NA,"Röder, Franz-Josef","CDU","CDU",0.491468881595156,25,0.5,"Single Party Minority"
"323","SL","DEC","Saarland","Saarland",1975-05-04,50,2,11305,15,1977-03-01,"LinhartEtAl",NA,"Röder, Franz-Josef","CDU","CDU~FDP",0.565240046556543,28,0.56,"Minimal Winning Coalition"
"324","SL","DEC","Saarland","Saarland",1975-05-04,50,3,11306,16,1979-07-05,"LinhartEtAl",NA,"Zeyer, Werner","CDU","CDU~FDP",0.565240046556543,28,0.56,"Minimal Winning Coalition"
"325","SL","DEC","Saarland","Saarland",1980-04-27,51,1,11307,17,1980-05-23,"LinhartEtAl",NA,"Zeyer, Werner","CDU","CDU~FDP",0.5089075847973,27,0.529411764705882,"Minimal Winning Coalition"
"326","SL","DEC","Saarland","Saarland",1985-03-10,51,1,11308,18,1985-04-09,"LinhartEtAl",NA,"Lafontaine, Oskar","SPD","SPD",0.491693159748674,26,0.509803921568627,"Single Party Majority"
"327","SL","DEC","Saarland","Saarland",1990-01-28,51,1,11309,19,1990-02-21,"LinhartEtAl",NA,"Lafontaine, Oskar","SPD","SPD",0.543871857265729,30,0.588235294117647,"Single Party Majority"
"328","SL","DEC","Saarland","Saarland",1994-10-16,51,1,11310,20,1994-11-09,"LinhartEtAl",NA,"Lafontaine, Oskar","SPD","SPD",0.493686854023923,27,0.529411764705882,"Single Party Majority"
"329","SL","DEC","Saarland","Saarland",1994-10-16,51,2,11311,21,1998-11-10,"LinhartEtAl",NA,"Klimmt, Reinhard","SPD","SPD",0.493686854023923,27,0.529411764705882,"Single Party Majority"
"330","SL","DEC","Saarland","Saarland",1999-09-05,51,1,11312,22,1999-09-29,"LinhartEtAl",NA,"Müller, Peter","CDU","CDU",0.455480257007879,26,0.509803921568627,"Single Party Majority"
"331","SL","DEC","Saarland","Saarland",2004-09-05,51,1,11313,23,2004-10-06,"LinhartEtAl",NA,"Müller, Peter","CDU","CDU",0.474811379713243,27,0.529411764705882,"Single Party Majority"
"332","SL","DEC","Saarland","Saarland",2009-08-30,51,1,11324,24,2009-11-10,"https://de.wikipedia.org/wiki/Kabinett_M%C3%BCller_III_(Saarland)",NA,"Müller, Peter","CDU","CDU~Grüne~FDP",0.495737603147386,27,0.529411764705882,"Minimal Winning Coalition"
"333","SL","DEC","Saarland","Saarland",2009-08-30,51,2,11325,25,2011-08-09,"https://de.wikipedia.org/wiki/Kabinett_Kramp-Karrenbauer_I",NA,"Kramp-Karrenbauer, Annegret","CDU","CDU~Grüne~FDP",0.495737603147386,27,0.529411764705882,"Minimal Winning Coalition"
"334","SL","DEC","Saarland","Saarland",2009-08-30,51,3,11326,26,2012-01-18,"https://de.wikipedia.org/wiki/Kabinett_Kramp-Karrenbauer_I",NA,"Kramp-Karrenbauer, Annegret","CDU","CDU",0.34506248211925,19,0.372549019607843,"Single Party Minority"
"335","SL","DEC","Saarland","Saarland",2012-03-25,51,1,11327,27,2012-05-09,"https://de.wikipedia.org/wiki/Kabinett_Kramp-Karrenbauer_II",NA,"Kramp-Karrenbauer, Annegret","CDU","CDU~SPD",0.658198523148014,36,0.705882352941176,"Minimal Winning Coalition"
"336","SL","DEC","Saarland","Saarland",2017-03-26,51,1,11328,28,2017-05-17,"https://de.wikipedia.org/wiki/Kabinett_Kramp-Karrenbauer_III",NA,"Kramp-Karrenbauer, Annegret","CDU","CDU~SPD",0.703132171687746,41,0.803921568627451,"Minimal Winning Coalition"
"337","SL","DEC","Saarland","Saarland",2017-03-26,51,2,11329,29,2018-03-01,"https://de.wikipedia.org/wiki/Kabinett_Hans",NA,"Hans, Tobias","CDU","CDU~SPD",0.703132171687746,41,0.803921568627451,"Minimal Winning Coalition"
"338","SL","DEC","Saarland","Saarland",2022-03-27,51,1,11330,30,2022-04-25,"https://de.wikipedia.org/wiki/Kabinett_Rehlinger",NA,"Rehlinger, Anke","SPD","SPD",0.435004895990593,29,0.568627450980392,"Single Party Majority"
"339","SN","DED","Sachsen","Saxony",1990-10-14,160,1,11401,1,1990-10-27,"LinhartEtAl",NA,"Biedenkopf, Kurt","CDU","CDU",0.538209219790827,92,0.575,"Single Party Majority"
"340","SN","DED","Sachsen","Saxony",1994-09-11,120,1,11402,2,1994-10-06,"LinhartEtAl",NA,"Biedenkopf, Kurt","CDU","CDU",0.581400070356268,77,0.641666666666667,"Single Party Majority"
"341","SN","DED","Sachsen","Saxony",1999-09-19,120,1,11403,3,1999-10-13,"LinhartEtAl",NA,"Biedenkopf, Kurt","CDU","CDU",0.568952419328008,76,0.633333333333333,"Single Party Majority"
"342","SN","DED","Sachsen","Saxony",1999-09-19,120,2,11404,4,2002-04-18,"LinhartEtAl",NA,"Milbradt, Georg","CDU","CDU",0.568952419328008,76,0.633333333333333,"Single Party Majority"
"343","SN","DED","Sachsen","Saxony",2004-09-19,124,1,11405,5,2004-11-10,"LinhartEtAl",NA,"Milbradt, Georg","CDU","CDU~SPD",0.509409725811065,68,0.548387096774194,"Minimal Winning Coalition"
"344","SN","DED","Sachsen","Saxony",2004-09-19,124,2,11406,6,2008-06-18,"https://de.wikipedia.org/wiki/Kabinett_Tillich_I",NA,"Tillich, Stanislaw","CDU","CDU~SPD",0.509409725811065,68,0.548387096774194,"Minimal Winning Coalition"
"345","SN","DED","Sachsen","Saxony",2009-08-30,132,1,11407,7,2009-09-30,"https://de.wikipedia.org/wiki/Kabinett_Tillich_II",NA,"Tillich, Stanislaw","CDU","CDU~FDP",0.501766768724382,72,0.545454545454545,"Minimal Winning Coalition"
"346","SN","DED","Sachsen","Saxony",2014-08-31,126,1,11408,8,2014-11-13,"https://de.wikipedia.org/wiki/Kabinett_Tillich_III",NA,"Tillich, Stanislaw","CDU","CDU~SPD",0.517746881066798,77,0.611111111111111,"Minimal Winning Coalition"
"347","SN","DED","Sachsen","Saxony",2014-08-31,126,2,11409,9,2017-12-13,"https://de.wikipedia.org/wiki/Kabinett_Kretschmer_I",NA,"Kretschmer, Michael","CDU","CDU~SPD",0.517746881066798,77,0.611111111111111,"Minimal Winning Coalition"
"348","SN","DED","Sachsen","Saxony",2019-09-01,119,1,11410,10,2019-12-20,"https://de.wikipedia.org/wiki/Kabinett_Kretschmer_II",NA,"Kretschmer, Michael","CDU","CDU~SPD~Grüne",0.484599509706401,67,0.563025210084034,"Minimal Winning Coalition"
"349","ST","DEE","Sachsen-Anhalt","Saxony-Anhalt",1990-10-14,106,1,11501,1,1990-10-28,"LinhartEtAl",NA,"Gies, Gerd","CDU","CDU~FDP",0.525032707686731,62,0.584905660377358,"Minimal Winning Coalition"
"350","ST","DEE","Sachsen-Anhalt","Saxony-Anhalt",1990-10-14,106,2,11502,2,1991-07-04,"LinhartEtAl",NA,"Münch, Werner","CDU","CDU~FDP",0.525032707686731,62,0.584905660377358,"Minimal Winning Coalition"
"351","ST","DEE","Sachsen-Anhalt","Saxony-Anhalt",1990-10-14,106,3,11503,3,1993-12-02,"LinhartEtAl",NA,"Bergner, Christoph","CDU","CDU~FDP",0.525032707686731,62,0.584905660377358,"Minimal Winning Coalition"
"352","ST","DEE","Sachsen-Anhalt","Saxony-Anhalt",1994-06-26,99,1,11504,4,1994-07-21,"LinhartEtAl",NA,"Höppner, Reinhard","SPD","SPD~Grüne",0.391173540897191,41,0.414141414141414,"Multi Party Minority"
"353","ST","DEE","Sachsen-Anhalt","Saxony-Anhalt",1998-04-26,116,1,11505,5,1998-05-26,"LinhartEtAl",NA,"Höppner, Reinhard","SPD","SPD",0.358736127836869,47,0.405172413793103,"Single Party Minority"
"354","ST","DEE","Sachsen-Anhalt","Saxony-Anhalt",2002-04-21,115,1,11506,6,2002-05-16,"LinhartEtAl",NA,"Böhmer, Wolfgang","CDU","CDU~FDP",0.506178805066388,65,0.565217391304348,"Minimal Winning Coalition"
"355","ST","DEE","Sachsen-Anhalt","Saxony-Anhalt",2006-03-26,97,1,11507,7,2006-04-24,"https://de.wikipedia.org/wiki/Kabinett_B%C3%B6hmer_II",NA,"Böhmer, Wolfgang","CDU","CDU~SPD",0.575752504283716,64,0.65979381443299,"Minimal Winning Coalition"
"356","ST","DEE","Sachsen-Anhalt","Saxony-Anhalt",2011-03-20,105,1,11508,8,2011-04-19,"https://de.wikipedia.org/wiki/Kabinett_Haseloff_I",NA,"Haseloff, Reiner","CDU","CDU~SPD",0.540139828606284,67,0.638095238095238,"Minimal Winning Coalition"
"357","ST","DEE","Sachsen-Anhalt","Saxony-Anhalt",2016-03-13,87,1,11509,9,2016-04-25,"https://de.wikipedia.org/wiki/Kabinett_Haseloff_II",NA,"Haseloff, Reiner","CDU","CDU~Grüne~SPD",0.455718658410494,46,0.528735632183908,"Minimal Winning Coalition"
"358","ST","DEE","Sachsen-Anhalt","Saxony-Anhalt",2021-06-06,97,1,11510,10,2021-09-16,"https://de.wikipedia.org/wiki/Kabinett_Haseloff_III",NA,"Haseloff, Reiner","CDU","CDU~FDP~SPD",0.519473120634918,56,0.577319587628866,"Oversized Coalition"
"359","TH","DEG","Thüringen","Thuringia",1990-10-14,89,1,11701,1,1990-11-08,"LinhartEtAl",NA,"Duchač, Josef","CDU","CDU~FDP",0.546611902627562,53,0.595505617977528,"Minimal Winning Coalition"
"360","TH","DEG","Thüringen","Thuringia",1990-10-14,89,2,11702,2,1992-02-05,"LinhartEtAl",NA,"Vogel, Bernhard","CDU","CDU~FDP",0.546611902627562,53,0.595505617977528,"Minimal Winning Coalition"
"361","TH","DEG","Thüringen","Thuringia",1994-10-16,88,1,11703,3,1994-11-22,"LinhartEtAl",NA,"Vogel, Bernhard","CDU","CDU~SPD",0.721537150043468,71,0.806818181818182,"Minimal Winning Coalition"
"362","TH","DEG","Thüringen","Thuringia",1999-09-12,88,1,11704,4,1999-10-01,"LinhartEtAl",NA,"Vogel, Bernhard","CDU","CDU",0.510233977304141,49,0.556818181818182,"Single Party Majority"
"363","TH","DEG","Thüringen","Thuringia",1999-09-12,88,2,11705,5,2003-06-05,"LinhartEtAl",NA,"Althaus, Dieter","CDU","CDU",0.510233977304141,49,0.556818181818182,"Single Party Majority"
"364","TH","DEG","Thüringen","Thuringia",2004-06-13,88,1,11706,6,2004-07-08,"LinhartEtAl",NA,"Althaus, Dieter","CDU","CDU",0.429544280599815,45,0.511363636363636,"Single Party Majority"
"365","TH","DEG","Thüringen","Thuringia",2009-08-30,88,1,11707,7,2009-11-04,"https://de.wikipedia.org/wiki/Kabinett_Lieberknecht",NA,"Lieberknecht, Christine","CDU","CDU~SPD",0.497644401909519,48,0.545454545454545,"Minimal Winning Coalition"
"366","TH","DEG","Thüringen","Thuringia",2014-09-14,91,1,11708,8,2014-12-05,"https://de.wikipedia.org/wiki/Kabinett_Ramelow_I",NA,"Ramelow, Bodo","Linke","Linke~Grüne~SPD",0.462690038111156,46,0.505494505494505,"Minimal Winning Coalition"
"367","TH","DEG","Thüringen","Thuringia",2019-10-27,90,1,11709,9,2020-02-05,"https://de.wikipedia.org/wiki/Regierungskrise_in_Th%C3%BCringen_2020#F%C3%BChrung_der_Regierungsgesch%C3%A4fte",NA,"Kemmerich, Thomas","FDP","FDP",0.0500664027398348,5,0.0555555555555556,"Single Party Minority"
"368","TH","DEG","Thüringen","Thuringia",2019-10-27,90,2,11710,10,2020-03-04,"https://de.wikipedia.org/wiki/Kabinett_Ramelow_I",NA,"Ramelow, Bodo","Linke","Linke~Grüne~SPD",0.44410531330184,42,0.466666666666667,"Multi Party Minority"
"369","WB",NA,"ehemaliges Land Württemberg-Baden","former state Württemberg-Baden",1946-11-24,100,1,11801,1,1946-12-20,"LinhartEtAl",NA,"Maier, Reinhold","FDP","FDP~SPD~CDU",0.897419520477821,90,0.9,"Oversized Coalition"
"370","WB",NA,"ehemaliges Land Württemberg-Baden","former state Württemberg-Baden",1946-11-24,100,2,11802,2,1948-07-25,"LinhartEtAl",NA,"Maier, Reinhold","FDP","FDP~SPD~CDU",0.897419520477821,90,0.9,"Oversized Coalition"
"371","WB",NA,"ehemaliges Land Württemberg-Baden","former state Württemberg-Baden",1950-11-19,100,1,11803,3,1951-01-11,"LinhartEtAl",NA,"Maier, Reinhold","FDP","FDP~SPD",0.540735532135323,56,0.56,"Minimal Winning Coalition"
"372","WH",NA,"ehemaliges Land Württemberg-Hohenzollern","former state Württemberg-Hohenzollern",1947-05-18,60,1,11901,1,1947-07-22,"LinhartEtAl",NA,"Bock, Lorenz","CDU","CDU~FDP~SPD",0.927125045925151,55,0.916666666666667,"Oversized Coalition"
"373","WH",NA,"ehemaliges Land Württemberg-Hohenzollern","former state Württemberg-Hohenzollern",1947-05-18,60,2,11902,2,1948-08-13,"LinhartEtAl",NA,"Müller, Gebhard","CDU","CDU~FDP~SPD",0.927125045925151,55,0.916666666666667,"Oversized Coalition"
"374","WH",NA,"ehemaliges Land Württemberg-Hohenzollern","former state Württemberg-Hohenzollern",1947-05-18,60,3,11903,3,1949-09-30,"LinhartEtAl",NA,"Müller, Gebhard","CDU","CDU~SPD",0.749984801748724,44,0.733333333333333,"Oversized Coalition"
