"","state","election_date","partyname_short","polidoc_filename","polidoc_filename_2","agwatch_pdf_url","agwatch_election_manifesto"
"1","BE",1975-03-02,"CDU","41521.002.1975.1.1",NA,NA,NA
"2","BE",1975-03-02,"SPD","41320.002.1975.1.1",NA,NA,NA
"3","BE",1975-03-02,"FDP","41420.002.1975.1.1",NA,NA,NA
"4","RP",1975-03-09,"CDU","41521.011.1975.1.1",NA,NA,NA
"5","RP",1975-03-09,"SPD","41320.011.1975.1.1",NA,NA,NA
"6","RP",1975-03-09,"FDP","41420.011.1975.1.1",NA,NA,NA
"7","SH",1975-04-13,"CDU","41521.012.1975.1.1",NA,NA,NA
"8","SH",1975-04-13,"SPD","41320.012.1975.1.1",NA,NA,NA
"9","SH",1975-04-13,"FDP","41420.012.1975.1.1",NA,NA,NA
"10","NW",1975-05-04,"CDU","41521.010.1975.1.1",NA,NA,NA
"11","NW",1975-05-04,"SPD","41320.010.1975.1.1",NA,NA,NA
"12","NW",1975-05-04,"FDP","41420.010.1975.1.1",NA,NA,NA
"13","SL",1975-05-04,"CDU","41521.013.1975.1.1",NA,NA,NA
"14","SL",1975-05-04,"SPD","41320.013.1975.1.1",NA,NA,NA
"15","SL",1975-05-04,"FDP","41420.013.1975.1.1",NA,NA,NA
"16","HB",1975-09-28,"SPD","41320.005.1975.1.1",NA,NA,NA
"17","HB",1975-09-28,"CDU","41521.005.1975.1.1",NA,NA,NA
"18","HB",1975-09-28,"FDP","41420.005.1975.1.1",NA,NA,NA
"19","BW",1976-04-04,"CDU","41521.003.1976.1.1",NA,NA,NA
"20","BW",1976-04-04,"SPD","41320.003.1976.1.1",NA,NA,NA
"21","BW",1976-04-04,"FDP","41420.003.1976.1.1",NA,NA,NA
"22","HH",1978-06-04,"SPD","41320.007.1978.1.1",NA,NA,NA
"23","HH",1978-06-04,"CDU","41521.007.1978.1.1",NA,NA,NA
"24","NI",1978-06-04,"CDU","41521.009.1978.1.1",NA,NA,NA
"25","NI",1978-06-04,"SPD","41320.009.1978.1.1",NA,NA,NA
"26","HE",1978-10-08,"CDU","41521.006.1978.1.1",NA,NA,NA
"27","HE",1978-10-08,"SPD","41320.006.1978.1.1",NA,NA,NA
"28","HE",1978-10-08,"FDP","41420.006.1978.1.1",NA,NA,NA
"29","BY",1978-10-15,"CSU","41523.004.1978.1.1",NA,NA,NA
"30","BY",1978-10-15,"SPD","41320.004.1978.1.1",NA,NA,NA
"31","BY",1978-10-15,"FDP","41420.004.1978.1.1",NA,NA,NA
"32","BE",1979-03-18,"CDU","41521.002.1979.1.1",NA,NA,NA
"33","BE",1979-03-18,"SPD","41320.002.1979.1.1",NA,NA,NA
"34","BE",1979-03-18,"FDP","41420.002.1979.1.1",NA,NA,NA
"35","RP",1979-03-18,"CDU","41521.011.1979.1.1",NA,NA,NA
"36","RP",1979-03-18,"SPD","41320.011.1979.1.1",NA,NA,NA
"37","RP",1979-03-18,"FDP","41420.011.1979.1.1",NA,NA,NA
"38","SH",1979-04-29,"CDU","41521.012.1979.1.1",NA,NA,NA
"39","SH",1979-04-29,"SPD","41320.012.1979.1.1",NA,NA,NA
"40","SH",1979-04-29,"FDP","41420.012.1979.1.1",NA,NA,NA
"41","SH",1979-04-29,"SSW","41902.012.1979.1.1",NA,NA,NA
"42","HB",1979-10-07,"SPD","41320.005.1979.1.1",NA,NA,NA
"43","HB",1979-10-07,"CDU","41521.005.1979.1.1",NA,NA,NA
"44","HB",1979-10-07,"FDP","41420.005.1979.1.1",NA,NA,NA
"45","HB",1979-10-07,"BGL","41111.005.1979.1.1",NA,NA,NA
"46","BW",1980-03-16,"CDU","41521.003.1980.1.1",NA,NA,NA
"47","BW",1980-03-16,"SPD","41320.003.1980.1.1",NA,NA,NA
"48","BW",1980-03-16,"FDP","41420.003.1980.1.1",NA,NA,NA
"49","BW",1980-03-16,"Grüne","41111.003.1980.1.1",NA,NA,NA
"50","SL",1980-04-27,"SPD","41320.013.1980.1.1",NA,NA,NA
"51","SL",1980-04-27,"CDU","41521.013.1980.1.1",NA,NA,NA
"52","SL",1980-04-27,"FDP","41420.013.1980.1.1",NA,NA,NA
"53","SL",1980-04-27,"Grüne","41111.013.1980.1.1",NA,NA,NA
"54","NW",1980-05-11,"SPD","41320.010.1980.1.1",NA,NA,NA
"55","NW",1980-05-11,"CDU","41521.010.1980.1.1",NA,NA,NA
"56","NW",1980-05-11,"FDP","41420.010.1980.1.1",NA,NA,NA
"57","NW",1980-05-11,"Grüne","41111.010.1980.1.1",NA,NA,NA
"58","BE",1981-05-10,"CDU","41521.002.1981.1.1",NA,NA,NA
"59","BE",1981-05-10,"SPD","41320.002.1981.1.1",NA,NA,NA
"60","BE",1981-05-10,"Grüne","41111.002.1981.1.1",NA,NA,NA
"61","BE",1981-05-10,"FDP","41420.002.1981.1.1",NA,NA,NA
"62","NI",1982-03-21,"CDU","41521.009.1982.1.1",NA,NA,NA
"63","NI",1982-03-21,"SPD","41320.009.1982.1.1",NA,NA,NA
"64","NI",1982-03-21,"Grüne","41111.009.1982.1.1",NA,NA,NA
"65","NI",1982-03-21,"FDP","41420.009.1982.1.1",NA,NA,NA
"66","HH",1982-06-06,"Grüne","41111.007.1982.1.1",NA,NA,NA
"67","HE",1982-09-26,"CDU","41521.006.1982.1.1",NA,NA,NA
"68","HE",1982-09-26,"SPD","41320.006.1982.1.1",NA,NA,NA
"69","HE",1982-09-26,"Grüne","41111.006.1982.1.1",NA,NA,NA
"70","BY",1982-10-10,"CSU","41523.004.1982.1.1",NA,NA,NA
"71","BY",1982-10-10,"SPD","41320.004.1982.1.1",NA,NA,NA
"72","HH",1982-12-19,"SPD","41320.007.1982.1.1",NA,NA,NA
"73","HH",1982-12-19,"CDU","41521.007.1982.1.1",NA,NA,NA
"74","RP",1983-03-06,"CDU","41521.011.1983.1.1",NA,NA,NA
"75","RP",1983-03-06,"SPD","41320.011.1983.1.1",NA,NA,NA
"76","RP",1983-03-06,"Grüne","41111.011.1983.1.1",NA,NA,NA
"77","SH",1983-03-13,"CDU","41521.012.1983.1.1",NA,NA,NA
"78","SH",1983-03-13,"SPD","41320.012.1983.1.1",NA,NA,NA
"79","SH",1983-03-13,"Grüne","41111.012.1983.1.1",NA,NA,NA
"80","SH",1983-03-13,"FDP","41420.012.1983.1.1",NA,NA,NA
"81","SH",1983-03-13,"SSW","41902.012.1983.1.1",NA,NA,NA
"82","HB",1983-09-25,"SPD","41320.005.1983.1.1","41320.005.1984.1.1",NA,NA
"83","HB",1983-09-25,"CDU","41521.005.1983.1.1",NA,NA,NA
"84","HB",1983-09-25,"Grüne","41111.005.1983.1.1",NA,NA,NA
"85","HE",1983-09-25,"CDU","41521.006.1983.1.1",NA,NA,NA
"86","HE",1983-09-25,"FDP","41420.006.1983.1.1",NA,NA,NA
"87","HE",1983-09-25,"Grüne","41111.006.1983.1.1",NA,NA,NA
"88","BW",1984-03-25,"CDU","41521.003.1984.1.1",NA,NA,NA
"89","BW",1984-03-25,"SPD","41320.003.1984.1.1",NA,NA,NA
"90","BW",1984-03-25,"Grüne","41111.003.1984.1.1",NA,NA,NA
"91","BW",1984-03-25,"FDP","41420.003.1984.1.1",NA,NA,NA
"92","BE",1985-03-10,"CDU","41521.002.1985.1.1",NA,NA,NA
"93","BE",1985-03-10,"SPD","41320.002.1985.1.1",NA,NA,NA
"94","BE",1985-03-10,"Grüne","41111.002.1985.1.1",NA,NA,NA
"95","BE",1985-03-10,"FDP","41420.002.1985.1.1",NA,NA,NA
"96","SL",1985-03-10,"SPD","41320.013.1985.1.1",NA,NA,NA
"97","SL",1985-03-10,"CDU","41521.013.1985.1.1",NA,NA,NA
"98","SL",1985-03-10,"FDP","41420.013.1985.1.1",NA,NA,NA
"99","NW",1985-05-12,"SPD","41320.010.1985.1.1",NA,NA,NA
"100","NW",1985-05-12,"CDU","41521.010.1985.1.1",NA,NA,NA
"101","NW",1985-05-12,"FDP","41420.010.1985.1.1",NA,NA,NA
"102","NI",1986-06-15,"CDU","41521.009.1986.1.1",NA,NA,NA
"103","NI",1986-06-15,"SPD","41320.009.1986.1.1",NA,NA,NA
"104","NI",1986-06-15,"Grüne","41111.009.1986.1.1",NA,NA,NA
"105","NI",1986-06-15,"FDP","41420.009.1986.1.1",NA,NA,NA
"106","BY",1986-10-12,"CSU","41523.004.1986.1.1",NA,NA,NA
"107","BY",1986-10-12,"SPD","41320.004.1986.1.1",NA,NA,NA
"108","BY",1986-10-12,"Grüne","41111.004.1986.1.1",NA,NA,NA
"109","BY",1986-10-12,"FDP","41420.004.1986.1.1",NA,NA,NA
"110","HH",1986-11-09,"CDU","41521.007.1986.1.1",NA,NA,NA
"111","HH",1986-11-09,"SPD","41320.007.1986.1.1",NA,NA,NA
"112","HH",1986-11-09,"Grüne","41111.007.1986.1.1",NA,NA,NA
"113","HH",1986-11-09,"FDP","41420.007.1986.1.1",NA,NA,NA
"114","HE",1987-04-05,"CDU","41521.006.1987.1.1",NA,NA,NA
"115","HE",1987-04-05,"SPD","41320.006.1987.1.1",NA,NA,NA
"116","HE",1987-04-05,"Grüne","41111.006.1987.1.1",NA,NA,NA
"117","HE",1987-04-05,"FDP","41420.006.1987.1.1",NA,NA,NA
"118","HH",1987-05-17,"SPD","41320.007.1987.1.1",NA,NA,NA
"119","HH",1987-05-17,"CDU","41521.007.1987.1.1",NA,NA,NA
"120","HH",1987-05-17,"Grüne","41111.007.1987.1.1",NA,NA,NA
"121","HH",1987-05-17,"FDP","41420.007.1987.1.1",NA,NA,NA
"122","RP",1987-05-17,"CDU","41521.011.1987.1.1",NA,NA,NA
"123","RP",1987-05-17,"SPD","41320.011.1987.1.1",NA,NA,NA
"124","RP",1987-05-17,"FDP","41420.011.1987.1.1",NA,NA,NA
"125","RP",1987-05-17,"Grüne","41111.011.1987.1.1",NA,NA,NA
"126","HB",1987-09-13,"SPD","41320.005.1987.1.1",NA,NA,NA
"127","HB",1987-09-13,"CDU","41521.005.1987.1.1",NA,NA,NA
"128","HB",1987-09-13,"Grüne","41111.005.1987.1.1",NA,NA,NA
"129","HB",1987-09-13,"FDP","41420.005.1987.1.1",NA,NA,NA
"130","SH",1987-09-13,"SPD","41320.012.1987.1.1",NA,NA,NA
"131","SH",1987-09-13,"CDU","41521.012.1987.1.1",NA,NA,NA
"132","SH",1987-09-13,"FDP","41420.012.1987.1.1",NA,NA,NA
"133","SH",1987-09-13,"Grüne","41111.012.1987.1.1",NA,NA,NA
"134","BW",1988-03-20,"CDU","41521.003.1988.1.1",NA,NA,NA
"135","BW",1988-03-20,"SPD","41320.003.1988.1.1",NA,NA,NA
"136","BW",1988-03-20,"Grüne","41111.003.1988.1.1",NA,NA,NA
"137","BW",1988-03-20,"FDP","41420.003.1988.1.1",NA,NA,NA
"138","SH",1988-05-08,"SPD","41320.012.1988.1.1",NA,NA,NA
"139","SH",1988-05-08,"CDU","41521.012.1988.1.1",NA,NA,NA
"140","SH",1988-05-08,"Grüne","41111.012.1988.1.1",NA,NA,NA
"141","BE",1989-01-29,"CDU","41521.002.1989.1.1",NA,NA,NA
"142","BE",1989-01-29,"SPD","41320.002.1989.1.1",NA,NA,NA
"143","BE",1989-01-29,"Grüne","41111.002.1989.1.1",NA,NA,NA
"144","BE",1989-01-29,"Rep","41701.002.1989.1.1",NA,NA,NA
"145","SL",1990-01-28,"SPD","41320.013.1990.1.1",NA,NA,NA
"146","SL",1990-01-28,"CDU","41521.013.1990.1.1",NA,NA,NA
"147","SL",1990-01-28,"FDP","41420.013.1990.1.1",NA,NA,NA
"148","SL",1990-01-28,"Grüne","41112.013.1990.1.1",NA,NA,NA
"149","NI",1990-05-13,"SPD","41320.009.1990.1.1",NA,NA,NA
"150","NI",1990-05-13,"CDU","41521.009.1990.1.1",NA,NA,NA
"151","NI",1990-05-13,"FDP","41420.009.1990.1.1",NA,NA,NA
"152","NI",1990-05-13,"Grüne","41112.009.1990.1.1",NA,NA,NA
"153","NW",1990-05-13,"SPD","41320.010.1990.1.1",NA,NA,NA
"154","NW",1990-05-13,"CDU","41521.010.1990.1.1",NA,NA,NA
"155","NW",1990-05-13,"FDP","41420.010.1990.1.1",NA,NA,NA
"156","NW",1990-05-13,"Grüne","41112.010.1990.1.1",NA,NA,NA
"157","BB",1990-10-14,"SPD","41320.001.1990.1.1",NA,NA,NA
"158","BB",1990-10-14,"Linke","41221.001.1990.1.1",NA,NA,NA
"159","BB",1990-10-14,"FDP","41420.001.1990.1.1",NA,NA,NA
"160","BB",1990-10-14,"Grüne","41112.001.1990.1.1",NA,NA,NA
"161","BY",1990-10-14,"CSU","41523.004.1990.1.1",NA,NA,NA
"162","BY",1990-10-14,"SPD","41320.004.1990.1.1",NA,NA,NA
"163","BY",1990-10-14,"Grüne","41112.004.1990.1.1",NA,NA,NA
"164","BY",1990-10-14,"FDP","41420.004.1990.1.1",NA,NA,NA
"165","MV",1990-10-14,"CDU","41521.008.1990.1.1",NA,NA,NA
"166","MV",1990-10-14,"SPD","41320.008.1990.1.1",NA,NA,NA
"167","MV",1990-10-14,"Linke","41221.008.1990.1.1",NA,NA,NA
"168","MV",1990-10-14,"FDP","41420.008.1990.1.1",NA,NA,NA
"169","MV",1990-10-14,"Bü90","41112.008.1990.1.1",NA,NA,NA
"170","SN",1990-10-14,"CDU","41521.014.1990.1.1",NA,NA,NA
"171","SN",1990-10-14,"SPD","41320.014.1990.1.1",NA,NA,NA
"172","SN",1990-10-14,"Linke","41221.014.1990.1.1",NA,NA,NA
"173","SN",1990-10-14,"Forum","41113.014.1990.1.1",NA,NA,NA
"174","SN",1990-10-14,"FDP","41420.014.1990.1.1",NA,NA,NA
"175","SN",1990-10-14,"DSU","41430.014.1990.1.1",NA,NA,NA
"176","ST",1990-10-14,"CDU","41521.015.1990.1.1",NA,NA,NA
"177","ST",1990-10-14,"SPD","41320.015.1990.1.1",NA,NA,NA
"178","ST",1990-10-14,"FDP","41420.015.1990.1.1",NA,NA,NA
"179","ST",1990-10-14,"Linke","41221.015.1990.1.1",NA,NA,NA
"180","ST",1990-10-14,"Grüne","41112.015.1990.1.1",NA,NA,NA
"181","TH",1990-10-14,"CDU","41521.016.1990.1.1",NA,NA,NA
"182","TH",1990-10-14,"SPD","41320.016.1990.1.1",NA,NA,NA
"183","TH",1990-10-14,"Linke","41221.016.1990.1.1",NA,NA,NA
"184","TH",1990-10-14,"FDP","41420.016.1990.1.1",NA,NA,NA
"185","TH",1990-10-14,"Grüne","41112.016.1990.1.1",NA,NA,NA
"186","BE",1990-12-02,"CDU","41521.002.1990.1.1",NA,NA,NA
"187","BE",1990-12-02,"SPD","41320.002.1990.1.1",NA,NA,NA
"188","BE",1990-12-02,"Linke","41221.002.1990.1.1",NA,NA,NA
"189","BE",1990-12-02,"FDP","41420.002.1990.1.1",NA,NA,NA
"190","BE",1990-12-02,"Grüne","41112.002.1990.1.1",NA,NA,NA
"191","HE",1991-01-20,"SPD","41320.006.1991.1.1",NA,NA,NA
"192","HE",1991-01-20,"CDU","41521.006.1991.1.1",NA,NA,NA
"193","HE",1991-01-20,"Grüne","41112.006.1991.1.1",NA,NA,NA
"194","HE",1991-01-20,"FDP","41420.006.1991.1.1",NA,NA,NA
"195","RP",1991-04-21,"SPD","41320.011.1991.1.1",NA,NA,NA
"196","RP",1991-04-21,"CDU","41521.011.1991.1.1",NA,NA,NA
"197","RP",1991-04-21,"FDP","41420.011.1991.1.1",NA,NA,NA
"198","RP",1991-04-21,"Grüne","41112.011.1991.1.1",NA,NA,NA
"199","HH",1991-06-02,"SPD","41320.007.1991.1.1",NA,NA,NA
"200","HH",1991-06-02,"CDU","41521.007.1991.1.1",NA,NA,NA
"201","HH",1991-06-02,"Grüne","41112.007.1991.1.1",NA,NA,NA
"202","HH",1991-06-02,"FDP","41420.007.1991.1.1",NA,NA,NA
"203","HB",1991-09-29,"SPD","41320.005.1991.1.1",NA,NA,NA
"204","HB",1991-09-29,"CDU","41521.005.1991.1.1",NA,NA,NA
"205","HB",1991-09-29,"Grüne","41112.005.1991.1.1",NA,NA,NA
"206","HB",1991-09-29,"FDP","41420.005.1991.1.1",NA,NA,NA
"207","BW",1992-04-05,"CDU","41521.003.1992.1.1",NA,NA,NA
"208","BW",1992-04-05,"SPD","41320.003.1992.1.1",NA,NA,NA
"209","BW",1992-04-05,"Rep","41701.003.1992.1.1",NA,NA,NA
"210","BW",1992-04-05,"Grüne","41112.003.1992.1.1",NA,NA,NA
"211","BW",1992-04-05,"FDP","41420.003.1992.1.1",NA,NA,NA
"212","SH",1992-04-05,"SPD","41320.012.1992.1.1",NA,NA,NA
"213","SH",1992-04-05,"CDU","41521.012.1992.1.1",NA,NA,NA
"214","SH",1992-04-05,"FDP","41420.012.1992.1.1",NA,NA,NA
"215","SH",1992-04-05,"Grüne","41112.012.1992.1.1",NA,NA,NA
"216","SH",1992-04-05,"SSW","41902.012.1992.1.1",NA,NA,NA
"217","HH",1993-09-19,"SPD","41320.007.1993.1.1",NA,NA,NA
"218","HH",1993-09-19,"CDU","41521.007.1993.1.1",NA,NA,NA
"219","HH",1993-09-19,"Grüne","41112.007.1993.1.1",NA,NA,NA
"220","HH",1993-09-19,"FDP","41420.007.1993.1.1",NA,NA,NA
"221","NI",1994-03-13,"SPD","41320.009.1994.1.1",NA,NA,NA
"222","NI",1994-03-13,"CDU","41521.009.1994.1.1",NA,NA,NA
"223","NI",1994-03-13,"Grüne","41113.009.1994.1.1",NA,NA,NA
"224","NI",1994-03-13,"FDP","41420.009.1994.1.1",NA,NA,NA
"225","ST",1994-06-26,"CDU","41521.015.1994.1.1",NA,NA,NA
"226","ST",1994-06-26,"SPD","41320.015.1994.1.1",NA,NA,NA
"227","ST",1994-06-26,"Linke","41221.015.1994.1.1",NA,NA,NA
"228","ST",1994-06-26,"Grüne","41113.015.1994.1.1",NA,NA,NA
"229","ST",1994-06-26,"FDP","41420.015.1994.1.1",NA,NA,NA
"230","BB",1994-09-11,"SPD","41320.001.1994.1.1",NA,NA,NA
"231","BB",1994-09-11,"CDU","41521.001.1994.1.1",NA,NA,NA
"232","BB",1994-09-11,"Linke","41221.001.1994.1.1",NA,NA,NA
"233","BB",1994-09-11,"Grüne","41113.001.1994.1.1",NA,NA,NA
"234","BB",1994-09-11,"FDP","41420.001.1994.1.1",NA,NA,NA
"235","SN",1994-09-11,"CDU","41521.014.1994.1.1",NA,NA,NA
"236","SN",1994-09-11,"SPD","41320.014.1994.1.1",NA,NA,NA
"237","SN",1994-09-11,"Linke","41221.014.1994.1.1",NA,NA,NA
"238","SN",1994-09-11,"Grüne","41113.014.1994.1.1",NA,NA,NA
"239","SN",1994-09-11,"FDP","41420.014.1994.1.1",NA,NA,NA
"240","BY",1994-09-25,"CSU","41523.004.1994.1.1",NA,NA,NA
"241","BY",1994-09-25,"SPD","41320.004.1994.1.1",NA,NA,NA
"242","BY",1994-09-25,"Grüne","41113.004.1994.1.1",NA,NA,NA
"243","BY",1994-09-25,"FDP","41420.004.1994.1.1",NA,NA,NA
"244","MV",1994-10-16,"CDU","41521.008.1994.1.1",NA,NA,NA
"245","MV",1994-10-16,"SPD","41320.008.1994.1.1",NA,NA,NA
"246","MV",1994-10-16,"Linke","41221.008.1994.1.1",NA,NA,NA
"247","MV",1994-10-16,"FDP","41420.008.1994.1.1",NA,NA,NA
"248","MV",1994-10-16,"Grüne","41113.008.1994.1.1",NA,NA,NA
"249","SL",1994-10-16,"SPD","41320.013.1994.1.1",NA,NA,NA
"250","SL",1994-10-16,"CDU","41521.013.1994.1.1",NA,NA,NA
"251","SL",1994-10-16,"Grüne","41113.013.1994.1.1",NA,NA,NA
"252","SL",1994-10-16,"FDP","41420.013.1994.1.1",NA,NA,NA
"253","TH",1994-10-16,"CDU","41521.016.1994.1.1",NA,NA,NA
"254","TH",1994-10-16,"SPD","41320.016.1994.1.1",NA,NA,NA
"255","TH",1994-10-16,"Linke","41221.016.1994.1.1",NA,NA,NA
"256","TH",1994-10-16,"Grüne","41113.016.1994.1.1",NA,NA,NA
"257","TH",1994-10-16,"FDP","41420.016.1994.1.1",NA,NA,NA
"258","HE",1995-02-19,"CDU","41521.006.1995.1.1",NA,NA,NA
"259","HE",1995-02-19,"SPD","41320.006.1995.1.1",NA,NA,NA
"260","HE",1995-02-19,"Grüne","41113.006.1995.1.1",NA,NA,NA
"261","HE",1995-02-19,"FDP","41420.006.1995.1.1",NA,NA,NA
"262","HB",1995-05-14,"SPD","41320.005.1995.1.1",NA,NA,NA
"263","HB",1995-05-14,"CDU","41521.005.1995.1.1",NA,NA,NA
"264","HB",1995-05-14,"Grüne","41113.005.1995.1.1",NA,NA,NA
"265","HB",1995-05-14,"AFB","41901.005.1995.1.1",NA,NA,NA
"266","HB",1995-05-14,"FDP","41420.005.1995.1.1",NA,NA,NA
"267","NW",1995-05-14,"SPD","41320.010.1995.1.1",NA,NA,NA
"268","NW",1995-05-14,"CDU","41521.010.1995.1.1",NA,NA,NA
"269","NW",1995-05-14,"Grüne","41113.010.1995.1.1",NA,NA,NA
"270","NW",1995-05-14,"FDP","41420.010.1995.1.1",NA,NA,NA
"271","BE",1995-10-22,"CDU","41521.002.1995.1.1",NA,NA,NA
"272","BE",1995-10-22,"SPD","41320.002.1995.1.1",NA,NA,NA
"273","BE",1995-10-22,"Linke","41221.002.1995.1.1",NA,NA,NA
"274","BE",1995-10-22,"Grüne","41113.002.1995.1.1",NA,NA,NA
"275","BE",1995-10-22,"FDP","41420.002.1995.1.1",NA,NA,NA
"276","BW",1996-03-24,"CDU","41521.003.1996.1.1",NA,NA,NA
"277","BW",1996-03-24,"SPD","41320.003.1996.1.1",NA,NA,NA
"278","BW",1996-03-24,"Grüne","41113.003.1996.1.1",NA,NA,NA
"279","BW",1996-03-24,"FDP","41420.003.1996.1.1",NA,NA,NA
"280","BW",1996-03-24,"Rep","41701.003.1996.1.1",NA,NA,NA
"281","RP",1996-03-24,"SPD","41320.011.1996.1.1",NA,NA,NA
"282","RP",1996-03-24,"CDU","41521.011.1996.1.1",NA,NA,NA
"283","RP",1996-03-24,"FDP","41420.011.1996.1.1",NA,NA,NA
"284","RP",1996-03-24,"Grüne","41113.011.1996.1.1",NA,NA,NA
"285","SH",1996-03-24,"SPD","41320.012.1996.1.1",NA,NA,NA
"286","SH",1996-03-24,"CDU","41521.012.1996.1.1",NA,NA,NA
"287","SH",1996-03-24,"Grüne","41113.012.1996.1.1",NA,NA,NA
"288","SH",1996-03-24,"FDP","41420.012.1996.1.1",NA,NA,NA
"289","SH",1996-03-24,"SSW","41902.012.1996.1.1",NA,NA,NA
"290","HH",1997-09-21,"SPD","41320.007.1997.1.1",NA,NA,NA
"291","HH",1997-09-21,"CDU","41521.007.1997.1.1",NA,NA,NA
"292","HH",1997-09-21,"Grüne","41113.007.1997.1.1",NA,NA,NA
"293","HH",1997-09-21,"FDP","41420.007.1997.1.1",NA,NA,NA
"294","NI",1998-03-01,"SPD","41320.009.1998.1.1",NA,NA,NA
"295","NI",1998-03-01,"CDU","41521.009.1998.1.1",NA,NA,NA
"296","NI",1998-03-01,"Grüne","41113.009.1998.1.1",NA,NA,NA
"297","NI",1998-03-01,"FDP","41420.009.1998.1.1",NA,NA,NA
"298","ST",1998-04-26,"SPD","41320.015.1998.1.1",NA,NA,NA
"299","ST",1998-04-26,"CDU","41521.015.1998.1.1",NA,NA,NA
"300","ST",1998-04-26,"Linke","41221.015.1998.1.1",NA,NA,NA
"301","ST",1998-04-26,"FDP","41420.015.1998.1.1",NA,NA,NA
"302","ST",1998-04-26,"Grüne","41113.015.1998.1.1",NA,NA,NA
"303","BY",1998-09-13,"CSU","41523.004.1998.1.1",NA,NA,NA
"304","BY",1998-09-13,"SPD","41320.004.1998.1.1",NA,NA,NA
"305","BY",1998-09-13,"Grüne","41113.004.1998.1.1",NA,NA,NA
"306","BY",1998-09-13,"FDP","41420.004.1998.1.1",NA,NA,NA
"307","MV",1998-09-27,"SPD","41320.008.1998.1.1",NA,NA,NA
"308","MV",1998-09-27,"CDU","41521.008.1998.1.1",NA,NA,NA
"309","MV",1998-09-27,"Linke","41221.008.1998.1.1",NA,NA,NA
"310","MV",1998-09-27,"Grüne","41113.008.1998.1.1",NA,NA,NA
"311","MV",1998-09-27,"FDP","41420.008.1998.1.1",NA,NA,NA
"312","HE",1999-02-07,"CDU","41521.006.1999.1.1",NA,NA,NA
"313","HE",1999-02-07,"SPD","41320.006.1999.1.1",NA,NA,NA
"314","HE",1999-02-07,"Grüne","41113.006.1999.1.1",NA,NA,NA
"315","HE",1999-02-07,"FDP","41420.006.1999.1.1",NA,NA,NA
"316","HB",1999-06-06,"SPD","41320.005.1999.1.1",NA,NA,NA
"317","HB",1999-06-06,"CDU","41521.005.1999.1.1",NA,NA,NA
"318","HB",1999-06-06,"Grüne","41113.005.1999.1.1",NA,NA,NA
"319","HB",1999-06-06,"FDP","41420.005.1999.1.1",NA,NA,NA
"320","BB",1999-09-05,"SPD","41320.001.1999.1.1",NA,NA,NA
"321","BB",1999-09-05,"CDU","41521.001.1999.1.1",NA,NA,NA
"322","BB",1999-09-05,"Linke","41221.001.1999.1.1",NA,NA,NA
"323","BB",1999-09-05,"Grüne","41113.001.1999.1.1",NA,NA,NA
"324","BB",1999-09-05,"FDP","41420.001.1999.1.1",NA,NA,NA
"325","SL",1999-09-05,"CDU","41521.013.1999.1.1",NA,NA,NA
"326","SL",1999-09-05,"SPD","41320.013.1999.1.1",NA,NA,NA
"327","SL",1999-09-05,"Grüne","41113.013.1999.1.1",NA,NA,NA
"328","SL",1999-09-05,"FDP","41420.013.1999.1.1",NA,NA,NA
"329","TH",1999-09-12,"CDU","41521.016.1999.1.1",NA,NA,NA
"330","TH",1999-09-12,"Linke","41221.016.1999.1.1",NA,NA,NA
"331","TH",1999-09-12,"SPD","41320.016.1999.1.1",NA,NA,NA
"332","TH",1999-09-12,"Grüne","41113.016.1999.1.1",NA,NA,NA
"333","TH",1999-09-12,"FDP","41420.016.1999.1.1",NA,NA,NA
"334","SN",1999-09-19,"CDU","41521.014.1999.1.1",NA,NA,NA
"335","SN",1999-09-19,"Linke","41221.014.1999.1.1",NA,NA,NA
"336","SN",1999-09-19,"SPD","41320.014.1999.1.1",NA,NA,NA
"337","SN",1999-09-19,"Grüne","41113.014.1999.1.1",NA,NA,NA
"338","SN",1999-09-19,"FDP","41420.014.1999.1.1",NA,NA,NA
"339","BE",1999-10-10,"CDU","41521.002.1999.1.1",NA,NA,NA
"340","BE",1999-10-10,"SPD","41320.002.1999.1.1",NA,NA,NA
"341","BE",1999-10-10,"Linke","41221.002.1999.1.1",NA,NA,NA
"342","BE",1999-10-10,"Grüne","41113.002.1999.1.1",NA,NA,NA
"343","BE",1999-10-10,"FDP","41420.002.1999.1.1",NA,NA,NA
"344","SH",2000-02-27,"SPD","41320.012.2000.1.1",NA,NA,NA
"345","SH",2000-02-27,"CDU","41521.012.2000.1.1",NA,NA,NA
"346","SH",2000-02-27,"FDP","41420.012.2000.1.1",NA,NA,NA
"347","SH",2000-02-27,"Grüne","41113.012.2000.1.1",NA,NA,NA
"348","SH",2000-02-27,"SSW","41902.012.2000.1.1",NA,NA,NA
"349","NW",2000-05-14,"SPD","41320.010.2000.1.1",NA,NA,NA
"350","NW",2000-05-14,"CDU","41521.010.2000.1.1",NA,NA,NA
"351","NW",2000-05-14,"FDP","41420.010.2000.1.1",NA,NA,NA
"352","NW",2000-05-14,"Grüne","41113.010.2000.1.1",NA,NA,NA
"353","BW",2001-03-25,"CDU","41521.003.2001.1.1",NA,NA,NA
"354","BW",2001-03-25,"SPD","41320.003.2001.1.1",NA,NA,NA
"355","BW",2001-03-25,"FDP","41420.003.2001.1.1",NA,NA,NA
"356","BW",2001-03-25,"Grüne","41113.003.2001.1.1",NA,NA,NA
"357","BW",2001-03-25,"Rep","41701.003.2001.1.1",NA,NA,NA
"358","RP",2001-03-25,"SPD","41320.011.2001.1.1",NA,NA,NA
"359","RP",2001-03-25,"CDU","41521.011.2001.1.1",NA,NA,NA
"360","RP",2001-03-25,"FDP","41420.011.2001.1.1",NA,NA,NA
"361","RP",2001-03-25,"Grüne","41113.011.2001.1.1",NA,NA,NA
"362","HH",2001-09-23,"SPD","41320.007.2001.1.1",NA,NA,NA
"363","HH",2001-09-23,"CDU","41521.007.2001.1.1",NA,NA,NA
"364","HH",2001-09-23,"Grüne","41113.007.2001.1.1",NA,NA,NA
"365","HH",2001-09-23,"FDP","41420.007.2001.1.1",NA,NA,NA
"366","BE",2001-10-21,"SPD","41320.002.2001.1.1",NA,NA,NA
"367","BE",2001-10-21,"CDU","41521.002.2001.1.1",NA,NA,NA
"368","BE",2001-10-21,"Linke","41221.002.2001.1.1",NA,NA,NA
"369","BE",2001-10-21,"FDP","41420.002.2001.1.1",NA,NA,NA
"370","BE",2001-10-21,"Grüne","41113.002.2001.1.1",NA,NA,NA
"371","ST",2002-04-21,"CDU","41521.015.2002.1.1",NA,NA,NA
"372","ST",2002-04-21,"Linke","41221.015.2002.1.1",NA,NA,NA
"373","ST",2002-04-21,"SPD","41320.015.2002.1.1",NA,NA,NA
"374","ST",2002-04-21,"FDP","41420.015.2002.1.1",NA,NA,NA
"375","ST",2002-04-21,"Grüne","41113.015.2002.1.1",NA,NA,NA
"376","MV",2002-09-22,"SPD","41320.008.2002.1.1",NA,NA,NA
"377","MV",2002-09-22,"CDU","41521.008.2002.1.1",NA,NA,NA
"378","MV",2002-09-22,"Linke","41221.008.2002.1.1",NA,NA,NA
"379","MV",2002-09-22,"FDP","41420.008.2002.1.1",NA,NA,NA
"380","MV",2002-09-22,"Grüne","41113.008.2002.1.1",NA,NA,NA
"381","HE",2003-02-02,"CDU","41521.006.2003.1.1",NA,NA,NA
"382","HE",2003-02-02,"SPD","41320.006.2003.1.1",NA,NA,NA
"383","HE",2003-02-02,"Grüne","41113.006.2003.1.1",NA,NA,NA
"384","HE",2003-02-02,"FDP","41420.006.2003.1.1",NA,NA,NA
"385","NI",2003-02-02,"CDU","41521.009.2003.1.1",NA,NA,NA
"386","NI",2003-02-02,"SPD","41320.009.2003.1.1",NA,NA,NA
"387","NI",2003-02-02,"FDP","41420.009.2003.1.1",NA,NA,NA
"388","NI",2003-02-02,"Grüne","41113.009.2003.1.1",NA,NA,NA
"389","HB",2003-05-25,"SPD","41320.005.2003.1.1",NA,NA,NA
"390","HB",2003-05-25,"CDU","41521.005.2003.1.1",NA,NA,NA
"391","HB",2003-05-25,"Grüne","41113.005.2003.1.1",NA,NA,NA
"392","HB",2003-05-25,"FDP","41420.005.2003.1.1",NA,NA,NA
"393","HB",2003-05-25,"DVU","41703.005.2003.1.1",NA,NA,NA
"394","BY",2003-09-21,"CSU","41523.004.2003.1.1",NA,NA,NA
"395","BY",2003-09-21,"SPD","41320.004.2003.1.1",NA,NA,NA
"396","BY",2003-09-21,"Grüne","41113.004.2003.1.1",NA,NA,NA
"397","BY",2003-09-21,"FW-BY","41440.004.2003.1.1",NA,NA,NA
"398","BY",2003-09-21,"FDP","41420.004.2003.1.1",NA,NA,NA
"399","HH",2004-02-29,"CDU","41521.007.2004.1.1",NA,NA,NA
"400","HH",2004-02-29,"SPD","41320.007.2004.1.1",NA,NA,NA
"401","HH",2004-02-29,"Grüne","41113.007.2004.1.1",NA,NA,NA
"402","HH",2004-02-29,"FDP","41420.007.2004.1.1",NA,NA,NA
"403","HH",2004-02-29,"PRO (Schill)","41704.007.2004.1.1",NA,NA,NA
"404","TH",2004-06-13,"CDU","41521.016.2004.1.1",NA,NA,NA
"405","TH",2004-06-13,"Linke","41221.016.2004.1.1",NA,NA,NA
"406","TH",2004-06-13,"SPD","41320.016.2004.1.1",NA,NA,NA
"407","TH",2004-06-13,"Grüne","41113.016.2004.1.1",NA,NA,NA
"408","TH",2004-06-13,"FDP","41420.016.2004.1.1",NA,NA,NA
"409","SL",2004-09-05,"CDU","41521.013.2004.1.1",NA,NA,NA
"410","SL",2004-09-05,"SPD","41320.013.2004.1.1",NA,NA,NA
"411","SL",2004-09-05,"Grüne","41113.013.2004.1.1",NA,NA,NA
"412","SL",2004-09-05,"FDP","41420.013.2004.1.1",NA,NA,NA
"413","BB",2004-09-19,"SPD","41320.001.2004.1.1",NA,NA,NA
"414","BB",2004-09-19,"Linke","41221.001.2004.1.1",NA,NA,NA
"415","BB",2004-09-19,"CDU","41521.001.2004.1.1",NA,NA,NA
"416","BB",2004-09-19,"DVU","41703.001.2004.1.1",NA,NA,NA
"417","BB",2004-09-19,"Grüne","41113.001.2004.1.1",NA,NA,NA
"418","BB",2004-09-19,"FDP","41420.001.2004.1.1",NA,NA,NA
"419","SN",2004-09-19,"CDU","41521.014.2004.1.1",NA,NA,NA
"420","SN",2004-09-19,"Linke","41221.014.2004.1.1",NA,NA,NA
"421","SN",2004-09-19,"SPD","41320.014.2004.1.1",NA,NA,NA
"422","SN",2004-09-19,"NPD","41702.014.2004.1.1",NA,NA,NA
"423","SN",2004-09-19,"FDP","41420.014.2004.1.1",NA,NA,NA
"424","SN",2004-09-19,"Grüne","41113.014.2004.1.1",NA,NA,NA
"425","SH",2005-02-20,"CDU","41521.012.2005.1.1",NA,NA,NA
"426","SH",2005-02-20,"SPD","41320.012.2005.1.1",NA,NA,NA
"427","SH",2005-02-20,"FDP","41420.012.2005.1.1",NA,NA,NA
"428","SH",2005-02-20,"Grüne","41113.012.2005.1.1",NA,NA,NA
"429","SH",2005-02-20,"SSW","41902.012.2005.1.1",NA,NA,NA
"430","SH",2005-02-20,"NPD","41702.012.2005.1.1",NA,NA,NA
"431","SH",2005-02-20,"Linke","41221.012.2005.1.1",NA,NA,NA
"432","NW",2005-05-22,"CDU","41521.010.2005.1.1",NA,NA,NA
"433","NW",2005-05-22,"SPD","41320.010.2005.1.1",NA,NA,NA
"434","NW",2005-05-22,"Grüne","41113.010.2005.1.1",NA,NA,NA
"435","NW",2005-05-22,"FDP","41420.010.2005.1.1",NA,NA,NA
"436","NW",2005-05-22,"WASG","41301.010.2005.1.1",NA,NA,NA
"437","BW",2006-03-26,"CDU","41521.003.2006.1.1",NA,NA,NA
"438","BW",2006-03-26,"SPD","41320.003.2006.1.1",NA,NA,NA
"439","BW",2006-03-26,"Grüne","41113.003.2006.1.1",NA,NA,NA
"440","BW",2006-03-26,"FDP","41420.003.2006.1.1",NA,NA,NA
"441","BW",2006-03-26,"Linke","41301.003.2006.1.1",NA,NA,NA
"442","RP",2006-03-26,"SPD","41320.011.2006.1.1",NA,NA,NA
"443","RP",2006-03-26,"CDU","41521.011.2006.1.1",NA,NA,NA
"444","RP",2006-03-26,"FDP","41420.011.2006.1.1",NA,NA,NA
"445","RP",2006-03-26,"Grüne","41113.011.2006.1.1",NA,NA,NA
"446","RP",2006-03-26,"Linke","41301.011.2006.1.1",NA,NA,NA
"447","RP",2006-03-26,"FW-RP","41440.011.2006.1.1",NA,NA,NA
"448","ST",2006-03-26,"CDU","41521.015.2006.1.1",NA,NA,NA
"449","ST",2006-03-26,"Linke","41222.015.2006.1.1",NA,NA,NA
"450","ST",2006-03-26,"SPD","41320.015.2006.1.1",NA,NA,NA
"451","ST",2006-03-26,"FDP","41420.015.2006.1.1",NA,NA,NA
"452","ST",2006-03-26,"Grüne","41113.015.2006.1.1",NA,NA,NA
"453","ST",2006-03-26,"FW-ST","41440.015.2006.1.1",NA,NA,NA
"454","BE",2006-09-17,"SPD","41320.002.2006.1.1",NA,NA,NA
"455","BE",2006-09-17,"CDU","41521.002.2006.1.1",NA,NA,NA
"456","BE",2006-09-17,"Linke","41222.002.2006.1.1",NA,NA,NA
"457","BE",2006-09-17,"Grüne","41113.002.2006.1.1",NA,NA,NA
"458","BE",2006-09-17,"FDP","41420.002.2006.1.1",NA,NA,NA
"459","BE",2006-09-17,"WASG","41301.002.2006.1.1",NA,NA,NA
"460","MV",2006-09-17,"SPD","41320.008.2006.1.1",NA,NA,NA
"461","MV",2006-09-17,"CDU","41521.008.2006.1.1",NA,NA,NA
"462","MV",2006-09-17,"Linke","41222.008.2006.1.1",NA,NA,NA
"463","MV",2006-09-17,"FDP","41420.008.2006.1.1",NA,NA,NA
"464","MV",2006-09-17,"NPD","41702.008.2006.1.1",NA,NA,NA
"465","MV",2006-09-17,"Grüne","41113.008.2006.1.1",NA,NA,NA
"466","MV",2006-09-17,"WASG","41301.008.2006.1.1",NA,NA,NA
"467","HB",2007-05-13,"SPD","41320.005.2007.1.1",NA,NA,NA
"468","HB",2007-05-13,"CDU","41521.005.2007.1.1",NA,NA,NA
"469","HB",2007-05-13,"Grüne","41113.005.2007.1.1",NA,NA,NA
"470","HB",2007-05-13,"Linke","41222.005.2007.1.1",NA,NA,NA
"471","HB",2007-05-13,"FDP","41420.005.2007.1.1",NA,NA,NA
"472","HB",2007-05-13,"BIW","41705.005.2007.1.1",NA,NA,NA
"473","HE",2008-01-27,"CDU","41521.006.2008.1.1",NA,NA,NA
"474","HE",2008-01-27,"SPD","41320.006.2008.1.1",NA,NA,NA
"475","HE",2008-01-27,"FDP","41420.006.2008.1.1",NA,NA,NA
"476","HE",2008-01-27,"Grüne","41113.006.2008.1.1",NA,NA,NA
"477","HE",2008-01-27,"Linke","41223.006.2008.1.1",NA,NA,NA
"478","NI",2008-01-27,"CDU","41521.009.2008.1.1",NA,NA,NA
"479","NI",2008-01-27,"SPD","41320.009.2008.1.1",NA,NA,NA
"480","NI",2008-01-27,"FDP","41420.009.2008.1.1",NA,NA,NA
"481","NI",2008-01-27,"Grüne","41113.009.2008.1.1",NA,NA,NA
"482","NI",2008-01-27,"Linke","41223.009.2008.1.1",NA,NA,NA
"483","HH",2008-02-24,"CDU","41521.007.2008.1.1",NA,NA,NA
"484","HH",2008-02-24,"SPD","41320.007.2008.1.1",NA,NA,NA
"485","HH",2008-02-24,"Grüne","41113.007.2008.1.1",NA,NA,NA
"486","HH",2008-02-24,"Linke","41223.007.2008.1.1",NA,NA,NA
"487","HH",2008-02-24,"FDP","41420.007.2008.1.1",NA,NA,NA
"488","BY",2008-09-28,"CSU","41523.004.2008.1.1",NA,NA,NA
"489","BY",2008-09-28,"SPD","41320.004.2008.1.1",NA,NA,NA
"490","BY",2008-09-28,"FW-BY","41440.004.2008.1.1",NA,NA,NA
"491","BY",2008-09-28,"Grüne","41113.004.2008.1.1",NA,NA,NA
"492","BY",2008-09-28,"FDP","41420.004.2008.1.1",NA,NA,NA
"493","BY",2008-09-28,"Linke","41223.004.2008.1.1",NA,NA,NA
"494","HE",2009-01-18,"CDU","41521.006.2009.1.1",NA,NA,NA
"495","HE",2009-01-18,"SPD","41320.006.2009.1.1",NA,NA,NA
"496","HE",2009-01-18,"FDP","41420.006.2009.1.1",NA,NA,NA
"497","HE",2009-01-18,"Grüne","41113.006.2009.1.1",NA,NA,NA
"498","HE",2009-01-18,"Linke","41223.006.2009.1.1",NA,NA,NA
"499","SL",2009-08-30,"CDU","41521.013.2009.1.1",NA,NA,NA
"500","SL",2009-08-30,"SPD","41320.013.2009.1.1",NA,NA,NA
"501","SL",2009-08-30,"Linke","41223.013.2009.1.1",NA,NA,NA
"502","SL",2009-08-30,"FDP","41420.013.2009.1.1",NA,NA,NA
"503","SL",2009-08-30,"Grüne","41113.013.2009.1.1",NA,NA,NA
"504","SN",2009-08-30,"CDU","41521.014.2009.1.1",NA,NA,NA
"505","SN",2009-08-30,"Linke","41223.014.2009.1.1",NA,NA,NA
"506","SN",2009-08-30,"SPD","41320.014.2009.1.1",NA,NA,NA
"507","SN",2009-08-30,"FDP","41420.014.2009.1.1",NA,NA,NA
"508","SN",2009-08-30,"Grüne","41113.014.2009.1.1",NA,NA,NA
"509","SN",2009-08-30,"NPD","41702.014.2009.1.1",NA,NA,NA
"510","TH",2009-08-30,"CDU","41521.016.2009.1.1",NA,NA,NA
"511","TH",2009-08-30,"Linke","41223.016.2009.1.1",NA,NA,NA
"512","TH",2009-08-30,"SPD","41320.016.2009.1.1",NA,NA,NA
"513","TH",2009-08-30,"FDP","41420.016.2009.1.1",NA,NA,NA
"514","TH",2009-08-30,"Grüne","41113.016.2009.1.1",NA,NA,NA
"515","BB",2009-09-27,"SPD","41320.001.2009.1.1",NA,NA,NA
"516","BB",2009-09-27,"Linke","41223.001.2009.1.1",NA,NA,NA
"517","BB",2009-09-27,"CDU","41521.001.2009.1.1",NA,NA,NA
"518","BB",2009-09-27,"FDP","41420.001.2009.1.1",NA,NA,NA
"519","BB",2009-09-27,"Grüne","41113.001.2009.1.1",NA,NA,NA
"520","SH",2009-09-27,"CDU","41521.012.2009.1.1",NA,NA,NA
"521","SH",2009-09-27,"SPD","41320.012.2009.1.1",NA,NA,NA
"522","SH",2009-09-27,"FDP","41420.012.2009.1.1",NA,NA,NA
"523","SH",2009-09-27,"Grüne","41113.012.2009.1.1",NA,NA,NA
"524","SH",2009-09-27,"Linke","41223.012.2009.1.1",NA,NA,NA
"525","SH",2009-09-27,"SSW","41902.012.2009.1.1",NA,NA,NA
"526","NW",2010-05-09,"CDU","41521.010.2010.1.1",NA,NA,NA
"527","NW",2010-05-09,"SPD","41320.010.2010.1.1",NA,NA,NA
"528","NW",2010-05-09,"Grüne","41113.010.2010.1.1",NA,NA,NA
"529","NW",2010-05-09,"FDP","41420.010.2010.1.1",NA,NA,NA
"530","NW",2010-05-09,"Linke","41223.010.2010.1.1",NA,NA,NA
"531","HH",2011-02-20,"SPD","41320.007.2011.1.1",NA,NA,NA
"532","HH",2011-02-20,"CDU","41521.007.2011.1.1",NA,NA,NA
"533","HH",2011-02-20,"Grüne","41113.007.2011.1.1",NA,NA,NA
"534","HH",2011-02-20,"FDP","41420.007.2011.1.1",NA,NA,NA
"535","HH",2011-02-20,"Linke","41223.007.2011.1.1",NA,NA,NA
"536","ST",2011-03-20,"CDU","41521.015.2011.1.1",NA,NA,NA
"537","ST",2011-03-20,"Linke","41223.015.2011.1.1",NA,NA,NA
"538","ST",2011-03-20,"SPD","41320.015.2011.1.1",NA,NA,NA
"539","ST",2011-03-20,"Grüne","41113.015.2011.1.1",NA,NA,NA
"540","ST",2011-03-20,"FDP","41420.015.2011.1.1",NA,NA,NA
"541","BW",2011-03-27,"CDU","41521.003.2011.1.1",NA,NA,NA
"542","BW",2011-03-27,"Grüne","41113.003.2011.1.1",NA,NA,NA
"543","BW",2011-03-27,"SPD","41320.003.2011.1.1",NA,NA,NA
"544","BW",2011-03-27,"FDP","41420.003.2011.1.1",NA,NA,NA
"545","BW",2011-03-27,"Linke","41223.003.2011.1.1",NA,NA,NA
"546","RP",2011-03-27,"SPD","41320.011.2011.1.1",NA,NA,NA
"547","RP",2011-03-27,"CDU","41521.011.2011.1.1",NA,NA,NA
"548","RP",2011-03-27,"Grüne","41113.011.2011.1.1",NA,NA,NA
"549","RP",2011-03-27,"FDP","41420.011.2011.1.1",NA,NA,NA
"550","RP",2011-03-27,"Linke","41223.011.2011.1.1",NA,NA,NA
"551","HB",2011-05-22,"SPD","41320.005.2011.1.1",NA,NA,NA
"552","HB",2011-05-22,"Grüne","41113.005.2011.1.1",NA,NA,NA
"553","HB",2011-05-22,"CDU","41521.005.2011.1.1",NA,NA,NA
"554","HB",2011-05-22,"Linke","41223.005.2011.1.1",NA,NA,NA
"555","HB",2011-05-22,"BIW","41705.005.2011.1.1",NA,NA,NA
"556","HB",2011-05-22,"FDP","41420.005.2011.1.1",NA,NA,NA
"557","MV",2011-09-04,"SPD","41320.008.2011.1.1",NA,NA,NA
"558","MV",2011-09-04,"CDU","41521.008.2011.1.1",NA,NA,NA
"559","MV",2011-09-04,"Linke","41223.008.2011.1.1",NA,NA,NA
"560","MV",2011-09-04,"Grüne","41113.008.2011.1.1",NA,NA,NA
"561","MV",2011-09-04,"FDP","41420.008.2011.1.1",NA,NA,NA
"562","BE",2011-09-18,"SPD","41320.002.2011.1.1",NA,NA,NA
"563","BE",2011-09-18,"CDU","41521.002.2011.1.1","41521.002.2011.1.2",NA,NA
"564","BE",2011-09-18,"Grüne","41113.002.2011.1.1","41113.002.2011.1.2",NA,NA
"565","BE",2011-09-18,"Linke","41223.002.2011.1.1",NA,NA,NA
"566","BE",2011-09-18,"Piraten","41950.002.2011.1.1",NA,NA,NA
"567","BE",2011-09-18,"FDP","41420.002.2011.1.1","41420.002.2011.1.2",NA,NA
"568","SL",2012-03-25,"CDU","41521.013.2012.1.1",NA,NA,NA
"569","SL",2012-03-25,"SPD","41320.013.2012.1.1",NA,NA,NA
"570","SL",2012-03-25,"Linke","41223.013.2012.1.1",NA,NA,NA
"571","SL",2012-03-25,"Piraten","41950.013.2012.1.1",NA,NA,NA
"572","SL",2012-03-25,"Grüne","41113.013.2012.1.1",NA,NA,NA
"573","SL",2012-03-25,"FDP","41420.013.2012.1.1",NA,NA,NA
"574","SH",2012-05-06,"CDU","41521.012.2012.1.1",NA,NA,NA
"575","SH",2012-05-06,"SPD","41320.012.2012.1.1",NA,NA,NA
"576","SH",2012-05-06,"Grüne","41113.012.2012.1.1",NA,NA,NA
"577","SH",2012-05-06,"FDP","41420.012.2012.1.1",NA,NA,NA
"578","SH",2012-05-06,"Piraten","41950.012.2012.1.1",NA,NA,NA
"579","SH",2012-05-06,"SSW","41902.012.2012.1.1",NA,NA,NA
"580","SH",2012-05-06,"Linke","41223.012.2012.1.1",NA,NA,NA
"581","NW",2012-05-13,"SPD","41320.010.2012.1.1",NA,NA,NA
"582","NW",2012-05-13,"CDU","41521.010.2012.1.1",NA,NA,NA
"583","NW",2012-05-13,"Grüne","41113.010.2012.1.1",NA,NA,NA
"584","NW",2012-05-13,"FDP","41420.010.2012.1.1",NA,NA,NA
"585","NW",2012-05-13,"Piraten","41950.010.2012.1.1",NA,NA,NA
"586","NW",2012-05-13,"Linke","41223.010.2012.1.1",NA,NA,NA
"587","NI",2013-01-20,"CDU","41521.009.2013.1.1",NA,NA,NA
"588","NI",2013-01-20,"SPD","41320.009.2013.1.1",NA,NA,NA
"589","NI",2013-01-20,"Grüne","41113.009.2013.1.1",NA,NA,NA
"590","NI",2013-01-20,"FDP","41420.009.2013.1.1",NA,NA,NA
"591","NI",2013-01-20,"Linke","41223.009.2013.1.1",NA,NA,NA
"592","NI",2013-01-20,"Piraten","41950.009.2013.1.1",NA,NA,NA
"593","BY",2013-09-15,"Grüne","41113.004.2013.1.1",NA,"https://www.abgeordnetenwatch.de/sites/default/files/election-program-files/gruene_bayern.pdf",TRUE
"594","BY",2013-09-15,"CSU","41523.004.2013.1.1",NA,"https://www.abgeordnetenwatch.de/sites/default/files/election-program-files/csu_bayern.pdf",TRUE
"595","BY",2013-09-15,"Linke","41223.004.2013.1.1",NA,"https://www.abgeordnetenwatch.de/sites/default/files/election-program-files/linke_bayern.pdf",TRUE
"596","BY",2013-09-15,"FDP","41420.004.2013.1.1",NA,"https://www.abgeordnetenwatch.de/sites/default/files/election-program-files/fdp_bayern.pdf",TRUE
"597","BY",2013-09-15,"FW-BY","41440.004.2013.1.1",NA,"https://www.abgeordnetenwatch.de/sites/default/files/election-program-files/fw_bayern.pdf",TRUE
"598","BY",2013-09-15,"ÖDP",NA,NA,"https://www.abgeordnetenwatch.de/sites/default/files/election-program-files/oedp_bayern.pdf",TRUE
"599","BY",2013-09-15,"Piraten","41950.004.2013.1.1",NA,"https://www.abgeordnetenwatch.de/sites/default/files/election-program-files/piratenpartei_bayern.pdf",TRUE
"600","BY",2013-09-15,"Rep",NA,NA,"https://www.abgeordnetenwatch.de/sites/default/files/election-program-files/130413_rep_by_wahlprogramm_13_v-2-2.pdf",TRUE
"601","BY",2013-09-15,"SPD","41320.004.2013.1.1",NA,"https://www.abgeordnetenwatch.de/sites/default/files/election-program-files/spd_bayern.pdf",TRUE
"602","HE",2013-09-22,"Grüne","41113.006.2013.1.1",NA,"https://www.abgeordnetenwatch.de/sites/default/files/election-program-files/gruene_hessen_2013.pdf",TRUE
"603","HE",2013-09-22,"CDU","41521.006.2013.1.1",NA,"https://www.abgeordnetenwatch.de/sites/default/files/election-program-files/lw_hessen_cdu.pdf",TRUE
"604","HE",2013-09-22,"Linke","41223.006.2013.1.1",NA,"https://www.abgeordnetenwatch.de/sites/default/files/election-program-files/linke_hessen_2013.pdf",TRUE
"605","HE",2013-09-22,"FDP","41420.006.2013.1.1",NA,"https://www.abgeordnetenwatch.de/sites/default/files/election-program-files/entwurf_lw_hessen_fdp.pdf",TRUE
"606","HE",2013-09-22,"Piraten","41950.006.2013.1.1",NA,"https://www.abgeordnetenwatch.de/sites/default/files/election-program-files/lw_hessen_piratenpartei.pdf",TRUE
"607","HE",2013-09-22,"SPD","41320.006.2013.1.1",NA,"https://www.abgeordnetenwatch.de/sites/default/files/election-program-files/spd_hessen_2013.pdf",TRUE
"608","HE",2013-09-22,"AfD","41953.006.2013.1.1",NA,NA,NA
"609","HE",2013-09-22,"FW-HE","41440.006.2013.1.1",NA,NA,NA
"610","SN",2014-08-31,"Grüne","41113.014.2014.1.1",NA,"https://www.abgeordnetenwatch.de/sites/default/files/election-program-files/gruenen-wahlprogramm-sachsen2014.pdf",TRUE
"611","SN",2014-08-31,"CDU","41521.014.2014.1.1",NA,"https://www.abgeordnetenwatch.de/sites/default/files/election-program-files/cdu-wahlprogramm-sachsen2014.pdf",TRUE
"612","SN",2014-08-31,"Linke","41223.014.2014.1.1",NA,"https://www.abgeordnetenwatch.de/sites/default/files/election-program-files/linke-wahlprogramm-sachsen2014.pdf",TRUE
"613","SN",2014-08-31,"FW-SN","41440.014.2014.1.1",NA,"https://www.abgeordnetenwatch.de/sites/default/files/election-program-files/fw-wahlprogramm-sachsen2014.pdf",TRUE
"614","SN",2014-08-31,"NPD","41702.014.2014.1.1",NA,"https://www.abgeordnetenwatch.de/sites/default/files/election-program-files/npd-wahlprogramm-sachsen2014.pdf",TRUE
"615","SN",2014-08-31,"SPD","41320.014.2014.1.1",NA,"https://www.abgeordnetenwatch.de/sites/default/files/election-program-files/spd-wahlprogramm-sachsen2014.pdf",TRUE
"616","SN",2014-08-31,"AfD","41953.014.2014.1.1",NA,NA,NA
"617","SN",2014-08-31,"FDP","41420.014.2014.1.1",NA,NA,NA
"618","BB",2014-09-14,"AfD","41953.001.2014.1.1",NA,"https://www.abgeordnetenwatch.de/sites/default/files/election-program-files/afd-wahlprogramm-brandenburg2014.pdf",TRUE
"619","BB",2014-09-14,"Grüne","41113.001.2014.1.1",NA,"https://www.abgeordnetenwatch.de/sites/default/files/election-program-files/gruenen-wahlprogramm-brandenburg2014.pdf",TRUE
"620","BB",2014-09-14,"FW-BB","41440.001.2014.1.1",NA,"https://www.abgeordnetenwatch.de/sites/default/files/election-program-files/bvb-wahlprogramm-brandenburg2014.pdf",TRUE
"621","BB",2014-09-14,"CDU","41521.001.2014.1.1",NA,"https://www.abgeordnetenwatch.de/sites/default/files/election-program-files/cdu-wahlprogramm-brandenburg2014.pdf",TRUE
"622","BB",2014-09-14,"Linke","41223.001.2014.1.1",NA,"https://www.abgeordnetenwatch.de/sites/default/files/election-program-files/linke-wahlprogramm-brandenburg2014.pdf",TRUE
"623","BB",2014-09-14,"FDP","41420.001.2014.1.1",NA,"https://www.abgeordnetenwatch.de/sites/default/files/election-program-files/fdp-wahlprogramm-brandenburg2014.pdf",TRUE
"624","BB",2014-09-14,"SPD","41320.001.2014.1.1",NA,"https://www.abgeordnetenwatch.de/sites/default/files/election-program-files/spd-wahlprogramm-brandenburg2014.pdf",TRUE
"625","BB",2014-09-14,"NPD","41702.001.2014.1.1",NA,NA,NA
"626","TH",2014-09-14,"AfD","41953.016.2014.1.1",NA,"https://www.abgeordnetenwatch.de/sites/default/files/election-program-files/afd-wahlprogramm-thueringen2014.pdf",TRUE
"627","TH",2014-09-14,"Grüne","41113.016.2014.1.1",NA,"https://www.abgeordnetenwatch.de/sites/default/files/election-program-files/gruenen-wahlprogramm-thueringen2014.pdf",TRUE
"628","TH",2014-09-14,"CDU","41521.016.2014.1.1",NA,"https://www.abgeordnetenwatch.de/sites/default/files/election-program-files/cdu-wahlprogramm-thueringen2014.pdf",TRUE
"629","TH",2014-09-14,"Linke","41223.016.2014.1.1",NA,"https://www.abgeordnetenwatch.de/sites/default/files/election-program-files/linken-wahlprogramm-thueringen2014.pdf",TRUE
"630","TH",2014-09-14,"FDP","41420.016.2014.1.1",NA,"https://www.abgeordnetenwatch.de/sites/default/files/election-program-files/fdp-wahlprogramm-thueringen2014.pdf",TRUE
"631","TH",2014-09-14,"SPD","41320.016.2014.1.1",NA,"https://www.abgeordnetenwatch.de/sites/default/files/election-program-files/spd-wahlprogramm-thueringen2014.pdf",TRUE
"632","TH",2014-09-14,"NPD","41702.016.2014.1.1",NA,NA,NA
"633","TH",2014-09-14,"FW-TH","41440.016.2014.1.1",NA,NA,NA
"634","HH",2015-02-15,"AfD","41953.007.2015.1.1",NA,"https://www.abgeordnetenwatch.de/sites/default/files/election-program-files/afd-wahlprogramm_buewa_2015.pdf",TRUE
"635","HH",2015-02-15,"Grüne","41113.007.2015.1.1",NA,"https://www.abgeordnetenwatch.de/sites/default/files/election-program-files/gruene-wahlprogramm_buescha2015_web.pdf",TRUE
"636","HH",2015-02-15,"CDU","41521.007.2015.1.1",NA,"https://www.abgeordnetenwatch.de/sites/default/files/election-program-files/cdu-wahlprogramm2015_0.pdf",TRUE
"637","HH",2015-02-15,"Linke","41223.007.2015.1.1",NA,"https://www.abgeordnetenwatch.de/sites/default/files/election-program-files/linke_wahlprogramm2015.pdf",TRUE
"638","HH",2015-02-15,"FDP","41420.007.2015.1.1",NA,"https://www.abgeordnetenwatch.de/sites/default/files/election-program-files/wahlprogramm-fdp-hamburg-2015.pdf",TRUE
"639","HH",2015-02-15,"Sozialliberale","41441.007.2015.1.1",NA,"https://www.abgeordnetenwatch.de/sites/default/files/election-program-files/neue_liberale_wahlprogramm.pdf",TRUE
"640","HH",2015-02-15,"Piraten","41950.007.2015.1.1",NA,"https://www.abgeordnetenwatch.de/sites/default/files/election-program-files/piraten_bwahlprogramm2015.pdf",TRUE
"641","HH",2015-02-15,"SPD","41320.007.2015.1.1",NA,"https://www.abgeordnetenwatch.de/sites/default/files/election-program-files/spd-wahlprogramm_buewa_2015.pdf",TRUE
"642","HH",2015-02-15,"NPD","41702.007.2015.1.1",NA,NA,NA
"643","HB",2015-05-10,"AfD","41953.005.2015.1.1",NA,"https://www.abgeordnetenwatch.de/sites/default/files/election-program-files/afd_wahlprogramm_2015_bremen_v2.6.pdf",TRUE
"644","HB",2015-05-10,"Grüne","41113.005.2015.1.1",NA,"https://www.abgeordnetenwatch.de/sites/default/files/election-program-files/gruene_wahlprogramm_2015_bremen.pdf",TRUE
"645","HB",2015-05-10,"CDU","41521.005.2015.1.1",NA,"https://www.abgeordnetenwatch.de/sites/default/files/election-program-files/cdu_wahlprogramm_2015.pdf",TRUE
"646","HB",2015-05-10,"Linke","41223.005.2015.1.1",NA,"https://www.abgeordnetenwatch.de/sites/default/files/election-program-files/linke-wahlprogramm2015.pdf",TRUE
"647","HB",2015-05-10,"FDP","41420.005.2015.1.1",NA,"https://www.abgeordnetenwatch.de/sites/default/files/election-program-files/fdp-_wahlprogramm_2015_fuer_bremen_und_bremerhaven_index.pdf",TRUE
"648","HB",2015-05-10,"Piraten",NA,NA,"https://www.abgeordnetenwatch.de/sites/default/files/election-program-files/piraten_wahlprogramm2015.pdf",TRUE
"649","HB",2015-05-10,"SPD","41320.005.2015.1.1",NA,"https://www.abgeordnetenwatch.de/sites/default/files/election-program-files/spd-regierungsprogramm_2015.pdf",TRUE
"650","HB",2015-05-10,"BIW","41705.005.2015.1.1",NA,NA,NA
"651","HB",2015-05-10,"DiePartei","41950.005.2015.1.1",NA,NA,NA
"652","BW",2016-03-13,"Grüne","41113.003.2016.1.1",NA,NA,NA
"653","BW",2016-03-13,"CDU","41521.003.2016.1.1",NA,NA,NA
"654","BW",2016-03-13,"AfD","41953.003.2016.1.1",NA,NA,NA
"655","BW",2016-03-13,"SPD","41320.003.2016.1.1",NA,NA,NA
"656","BW",2016-03-13,"FDP","41420.003.2016.1.1",NA,NA,NA
"657","BW",2016-03-13,"Linke","41223.003.2016.1.1",NA,NA,NA
"658","BW",2016-03-13,"LKR","41601.003.2016.1.1",NA,NA,NA
"659","RP",2016-03-13,"SPD","41320.011.2016.1.1",NA,NA,NA
"660","RP",2016-03-13,"CDU","41521.011.2016.1.1",NA,NA,NA
"661","RP",2016-03-13,"AfD","41953.011.2016.1.1",NA,NA,NA
"662","RP",2016-03-13,"FDP","41420.011.2016.1.1",NA,NA,NA
"663","RP",2016-03-13,"Grüne","41113.011.2016.1.1",NA,NA,NA
"664","RP",2016-03-13,"Linke","41223.011.2016.1.1",NA,NA,NA
"665","RP",2016-03-13,"LKR","41601.011.2016.1.1",NA,NA,NA
"666","ST",2016-03-13,"CDU","41521.015.2016.1.1",NA,NA,NA
"667","ST",2016-03-13,"AfD","41953.015.2016.1.1",NA,NA,NA
"668","ST",2016-03-13,"Linke","41223.015.2016.1.1",NA,NA,NA
"669","ST",2016-03-13,"SPD","41320.015.2016.1.1",NA,NA,NA
"670","ST",2016-03-13,"Grüne","41113.015.2016.1.1",NA,NA,NA
"671","ST",2016-03-13,"FDP","41420.015.2016.1.1",NA,NA,NA
"672","MV",2016-09-04,"AfD","41953.008.2016.1.1",NA,"https://www.abgeordnetenwatch.de/sites/default/files/election-program-files/aw_wahlen2016_meckpom_afd.pdf",TRUE
"673","MV",2016-09-04,"Grüne","41113.008.2016.1.1",NA,"https://www.abgeordnetenwatch.de/sites/default/files/election-program-files/aw-wahlen2016_meckpom_parteiprogramm_grune.pdf",TRUE
"674","MV",2016-09-04,"CDU","41521.008.2016.1.1",NA,"https://www.abgeordnetenwatch.de/sites/default/files/election-program-files/aw-wahlen2016_meckpom_parteiprogramm_cdu.pdf",TRUE
"675","MV",2016-09-04,"DieAchtsamen",NA,NA,"https://www.abgeordnetenwatch.de/sites/default/files/election-program-files/aw-wahlen2016_meckpomm-achtsamedemokraten.pdf",TRUE
"676","MV",2016-09-04,"Linke","41223.008.2016.1.1",NA,"https://www.abgeordnetenwatch.de/sites/default/files/election-program-files/aw_wahlen2016_meckpo_parteiprogramme_linke.pdf",TRUE
"677","MV",2016-09-04,"DiePartei",NA,NA,"https://www.abgeordnetenwatch.de/sites/default/files/election-program-files/aw_wahlen2016_meckpom_parteiprogramm_diepartei.pdf",TRUE
"678","MV",2016-09-04,"FDP","41420.008.2016.1.1",NA,"https://www.abgeordnetenwatch.de/sites/default/files/election-program-files/aw-wahlen2016_meckpom_parteiprogramm_fdp.pdf",TRUE
"679","MV",2016-09-04,"FH",NA,NA,"https://www.abgeordnetenwatch.de/sites/default/files/election-program-files/aw_wahlen2016_meckpom_parteiprogramme_freier-horizont.pdf",TRUE
"680","MV",2016-09-04,"Piraten",NA,NA,"https://www.abgeordnetenwatch.de/sites/default/files/election-program-files/aw-wahlen2016_meckpom_parteiprogramm_piraten.pdf",TRUE
"681","MV",2016-09-04,"SPD","41320.008.2016.1.1",NA,"https://www.abgeordnetenwatch.de/sites/default/files/election-program-files/aw_wahlen2016_meckpo_parteiprogramme_spd.pdf",TRUE
"682","MV",2016-09-04,"Die Tierschutzpartei",NA,NA,"https://www.abgeordnetenwatch.de/sites/default/files/election-program-files/aw-wahlen2016_meckpom_parteiprogramm_tierschutzpartei.pdf",TRUE
"683","MV",2016-09-04,"NPD","41702.008.2016.1.1",NA,NA,NA
"684","BE",2016-09-18,"AfD","41953.002.2016.1.1",NA,"https://www.abgeordnetenwatch.de/sites/default/files/election-program-files/afd_berlin_wahlprogramm_a5_rz.pdf",TRUE
"685","BE",2016-09-18,"Grüne","41113.002.2016.1.1",NA,"https://www.abgeordnetenwatch.de/sites/default/files/election-program-files/b90g_berlin_vollprogramm2016_verlinkt.pdf",TRUE
"686","BE",2016-09-18,"CDU","41521.002.2016.1.1",NA,"https://www.abgeordnetenwatch.de/sites/default/files/election-program-files/wahlprogramm_2016_cdu.pdf",TRUE
"687","BE",2016-09-18,"Linke","41223.002.2016.1.1",NA,"https://www.abgeordnetenwatch.de/sites/default/files/election-program-files/wahlprogramm_2016_linke.pdf",TRUE
"688","BE",2016-09-18,"DiePartei",NA,NA,"https://www.abgeordnetenwatch.de/sites/default/files/election-program-files/ruck_zuck_16_programm_die_partei_berlin.pdf",TRUE
"689","BE",2016-09-18,"FDP","41420.002.2016.1.1",NA,"https://www.abgeordnetenwatch.de/sites/default/files/election-program-files/wahlprogramm_2016_fdp.pdf",TRUE
"690","BE",2016-09-18,"LKR",NA,NA,"https://www.abgeordnetenwatch.de/sites/default/files/election-program-files/berliner-wahlprogramm-2016-alfa.pdf",TRUE
"691","BE",2016-09-18,"Piraten","41950.002.2016.1.1",NA,"https://www.abgeordnetenwatch.de/sites/default/files/election-program-files/wahlprogramm_diepiraten_berlin_2016.pdf",TRUE
"692","BE",2016-09-18,"SPD","41320.002.2016.1.1",NA,"https://www.abgeordnetenwatch.de/sites/default/files/election-program-files/spd160527_regierungsprogramm_spd_berlin.pdf",TRUE
"693","SL",2017-03-26,"CDU","41521.013.2017.1.1",NA,NA,NA
"694","SL",2017-03-26,"SPD","41320.013.2017.1.1",NA,NA,NA
"695","SL",2017-03-26,"Linke","41223.013.2017.1.1",NA,NA,NA
"696","SL",2017-03-26,"AfD","41953.013.2017.1.1",NA,NA,NA
"697","SL",2017-03-26,"Grüne","41113.013.2017.1.1",NA,NA,NA
"698","SL",2017-03-26,"FDP","41420.013.2017.1.1",NA,NA,NA
"699","SH",2017-05-07,"AfD","41953.012.2017.1.1",NA,"https://www.abgeordnetenwatch.de/sites/default/files/election-program-files/afd_schleswig-holstein_wahlprogramm_landtagswahl_2017_v10_einzel.pdf",TRUE
"700","SH",2017-05-07,"Grüne","41113.012.2017.1.1",NA,"https://www.abgeordnetenwatch.de/sites/default/files/election-program-files/gruene_schleswig-holstein_wahlprogramm.pdf",TRUE
"701","SH",2017-05-07,"CDU","41521.012.2017.1.1",NA,"https://www.abgeordnetenwatch.de/sites/default/files/election-program-files/cdu_schleswig-holstein_wahlprogramm.pdf",TRUE
"702","SH",2017-05-07,"Linke","41223.012.2017.1.1",NA,"https://www.abgeordnetenwatch.de/sites/default/files/election-program-files/linke_schleswig-holstein_wahlprogramm_0.pdf",TRUE
"703","SH",2017-05-07,"DiePartei",NA,NA,"https://www.abgeordnetenwatch.de/sites/default/files/election-program-files/die_partei_schleswig-holstein_wahlprogramm.pdf",TRUE
"704","SH",2017-05-07,"Familie",NA,NA,"https://www.abgeordnetenwatch.de/sites/default/files/election-program-files/familienpartei_schleswig-holstein_wahlprogramm.pdf",TRUE
"705","SH",2017-05-07,"FDP","41420.012.2017.1.1",NA,"https://www.abgeordnetenwatch.de/sites/default/files/election-program-files/fdp_schleswig-holstein_wahlprogramm.pdf",TRUE
"706","SH",2017-05-07,"FW-SH",NA,NA,"https://www.abgeordnetenwatch.de/sites/default/files/election-program-files/freie_waehler_schleswig-holstein_wahlprogramm.pdf",TRUE
"707","SH",2017-05-07,"LKR",NA,NA,"https://www.abgeordnetenwatch.de/sites/default/files/election-program-files/lkr_schleswig-holstein_wahlprogramm_0.pdf",TRUE
"708","SH",2017-05-07,"Piraten","41950.012.2017.1.1",NA,"https://www.abgeordnetenwatch.de/sites/default/files/election-program-files/piraten_schleswig-holstein_wahlprogramm.pdf",TRUE
"709","SH",2017-05-07,"SPD","41320.012.2017.1.1",NA,"https://www.abgeordnetenwatch.de/sites/default/files/election-program-files/spd_schleswig-holstein-wahlprogramm.pdf",TRUE
"710","SH",2017-05-07,"SSW","41902.012.2017.1.1",NA,"https://www.abgeordnetenwatch.de/sites/default/files/election-program-files/ssw_schleswig-holstein_wahlprogramm.pdf",TRUE
"711","NW",2017-05-14,"AfD","41953.010.2017.1.1",NA,"https://www.abgeordnetenwatch.de/sites/default/files/election-program-files/landtagswahlprogramm_2017_afd_fertig.pdf",TRUE
"712","NW",2017-05-14,"TIERSCHUTZliste",NA,NA,"https://www.abgeordnetenwatch.de/sites/default/files/election-program-files/tierschutzliste_landtagswahlprogramm_2017.pdf",FALSE
"713","NW",2017-05-14,"AufbruchC",NA,NA,"https://www.abgeordnetenwatch.de/sites/default/files/election-program-files/aufbruch_c_landtagswahlprogramm_2017.pdf",FALSE
"714","NW",2017-05-14,"BGE",NA,NA,"https://www.abgeordnetenwatch.de/sites/default/files/election-program-files/bge_landtagswahlprogramm_2017.pdf",FALSE
"715","NW",2017-05-14,"Grüne","41113.010.2017.1.1",NA,"https://www.abgeordnetenwatch.de/sites/default/files/election-program-files/landtagswahlprogramm_2017_diegruenen_fertig.pdf",TRUE
"716","NW",2017-05-14,"CDU","41521.010.2017.1.1",NA,"https://www.abgeordnetenwatch.de/sites/default/files/election-program-files/cdu_landtagswahlprogramm_2017_0.pdf",TRUE
"717","NW",2017-05-14,"DBD",NA,NA,"https://www.abgeordnetenwatch.de/sites/default/files/election-program-files/dbd_landtagswahlprogramm_2017.pdf",FALSE
"718","NW",2017-05-14,"Linke","41223.010.2017.1.1",NA,"https://www.abgeordnetenwatch.de/sites/default/files/election-program-files/landtagswahlprogramm_2017_dielinke_fertig.pdf",TRUE
"719","NW",2017-05-14,"DiePartei",NA,NA,"https://www.abgeordnetenwatch.de/sites/default/files/election-program-files/die_partei_landtagswahlprogramm_2017.pdf",TRUE
"720","NW",2017-05-14,"Violetten",NA,NA,"https://www.abgeordnetenwatch.de/sites/default/files/election-program-files/violetten_landtagswahlprogramm_2017.pdf",TRUE
"721","NW",2017-05-14,"DKP",NA,NA,"https://www.abgeordnetenwatch.de/sites/default/files/election-program-files/landtagswahlprogramm_2017_dkp_fertig.pdf",TRUE
"722","NW",2017-05-14,"FBI/Freie Wähler",NA,NA,"https://www.abgeordnetenwatch.de/sites/default/files/election-program-files/fbi_landtagswahlprogramm_2017.pdf",TRUE
"723","NW",2017-05-14,"FDP","41420.010.2017.1.1",NA,"https://www.abgeordnetenwatch.de/sites/default/files/election-program-files/landtagswahlprogramm_2017_fdp_fertig.pdf",TRUE
"724","NW",2017-05-14,"FW-NW",NA,NA,"https://www.abgeordnetenwatch.de/sites/default/files/election-program-files/landtagswahlprogramm_2017_freiewaehler_fertig.pdf",TRUE
"725","NW",2017-05-14,"JED",NA,NA,"https://www.abgeordnetenwatch.de/sites/default/files/election-program-files/jed_landtagswahlprogramm_2017.pdf",FALSE
"726","NW",2017-05-14,"MLPD",NA,NA,"https://www.abgeordnetenwatch.de/sites/default/files/election-program-files/mlpd_landtagswahlprogramm_2017.pdf",TRUE
"727","NW",2017-05-14,"NPD",NA,NA,"https://www.abgeordnetenwatch.de/sites/default/files/election-program-files/npd_landtagswahlprogramm_2017.pdf",FALSE
"728","NW",2017-05-14,"ÖDP",NA,NA,"https://www.abgeordnetenwatch.de/sites/default/files/election-program-files/oedp_landtagswahlprogramm_2017.pdf",TRUE
"729","NW",2017-05-14,"Gesundheitsforschung",NA,NA,"https://www.abgeordnetenwatch.de/sites/default/files/election-program-files/partei_fuer_gesundheitsforschung_landtagswahlprogramm_2017.pdf",TRUE
"730","NW",2017-05-14,"PARTEIL. WG ""BRD""",NA,NA,"https://www.abgeordnetenwatch.de/sites/default/files/election-program-files/landtagswahlprogramm_2017_parteilose_wg_-_brd.pdf",TRUE
"731","NW",2017-05-14,"Piraten","41950.010.2017.1.1",NA,"https://www.abgeordnetenwatch.de/sites/default/files/election-program-files/piratenpartei_landtagswahlprogramm_2017_fertig.pdf",TRUE
"732","NW",2017-05-14,"Rep",NA,NA,"https://www.abgeordnetenwatch.de/sites/default/files/election-program-files/republikaner_landtagswahlprogramm_2017_fertig.pdf",TRUE
"733","NW",2017-05-14,"SchönerLeben",NA,NA,"https://www.abgeordnetenwatch.de/sites/default/files/election-program-files/schoener_leben_landtagswahlprogramm_2017.pdf",FALSE
"734","NW",2017-05-14,"SPD","41320.010.2017.1.1",NA,"https://www.abgeordnetenwatch.de/sites/default/files/election-program-files/spd_landtagswahlprogramm_2017_fertig.pdf",TRUE
"735","NW",2017-05-14,"VPartei3",NA,NA,"https://www.abgeordnetenwatch.de/sites/default/files/election-program-files/v-partei_landtagswahlprogramm_2017.pdf",FALSE
"736","NW",2017-05-14,"AbJetzt",NA,NA,"https://www.abgeordnetenwatch.de/sites/default/files/election-program-files/landtagswahlprogramm_2017_abjetztdemokratiedurchvolksabstimmung_fertig.pdf",TRUE
"737","NI",2017-10-15,"CDU",NA,NA,"https://www.abgeordnetenwatch.de/sites/default/files/election-program-files/cdu_wahlprogramm_nds2017.pdf",TRUE
"738","NI",2017-10-15,"Linke",NA,NA,"https://www.abgeordnetenwatch.de/sites/default/files/election-program-files/linke_wahlprogramm_nds2017.pdf",TRUE
"739","NI",2017-10-15,"DiePartei",NA,NA,"https://www.abgeordnetenwatch.de/sites/default/files/election-program-files/die_partei_niedersachsen_flyer_web-1.pdf",TRUE
"740","NI",2017-10-15,"FDP",NA,NA,"https://www.abgeordnetenwatch.de/sites/default/files/election-program-files/fdp_ni_wahlprogramm_a5_ansicht-1.pdf",TRUE
"741","NI",2017-10-15,"FW-NI",NA,NA,"https://www.abgeordnetenwatch.de/sites/default/files/election-program-files/fw_wahlprogramm_nds17.pdf",TRUE
"742","NI",2017-10-15,"LKR",NA,NA,"https://www.abgeordnetenwatch.de/sites/default/files/election-program-files/landeswahlprogramm_langversion_print.pdf",TRUE
"743","NI",2017-10-15,"SPD",NA,NA,"https://www.abgeordnetenwatch.de/sites/default/files/election-program-files/spd_wahlprogramm_nds2017.pdf",TRUE
"744","NI",2017-10-15,"Die Tierschutzpartei",NA,NA,"https://www.abgeordnetenwatch.de/sites/default/files/election-program-files/tierschutzpartei_wahlprogramm_nds2017.pdf",TRUE
"745","NI",2017-10-15,"VPartei3",NA,NA,"https://www.abgeordnetenwatch.de/sites/default/files/election-program-files/v-partei_wahlprogramm_btw2017.pdf",TRUE
"746","NI",2017-10-15,"AfD",NA,NA,"https://www.abgeordnetenwatch.de/sites/default/files/election-program-files/afd_landesprogramm_nds2017.pdf",TRUE
"747","NI",2017-10-15,"BGE",NA,NA,"https://www.abgeordnetenwatch.de/sites/default/files/election-program-files/bge_wahlprogramm_nds2017.pdf",TRUE
"748","NI",2017-10-15,"Grüne",NA,NA,"https://www.abgeordnetenwatch.de/sites/default/files/election-program-files/gruene_wahlprogramm_nds2017.pdf",TRUE
"749","BY",2018-10-14,"AfD",NA,NA,"https://www.abgeordnetenwatch.de/sites/default/files/election-program-files/afd_wahlprogramm_by2018.pdf",TRUE
"750","BY",2018-10-14,"BP",NA,NA,"https://www.abgeordnetenwatch.de/sites/default/files/election-program-files/bayernpartei_wahlprogramm_by2018_0.pdf",TRUE
"751","BY",2018-10-14,"Grüne",NA,NA,"https://www.abgeordnetenwatch.de/sites/default/files/election-program-files/die-gruenen_wahlprogramm_by2018.pdf",TRUE
"752","BY",2018-10-14,"CSU",NA,NA,"https://www.abgeordnetenwatch.de/sites/default/files/election-program-files/csu_wahlprogramm_by2018.pdf",TRUE
"753","BY",2018-10-14,"DieFranken",NA,NA,"https://www.abgeordnetenwatch.de/sites/default/files/election-program-files/die-franken_wahlprogramm_by2018.pdf",FALSE
"754","BY",2018-10-14,"Linke",NA,NA,"https://www.abgeordnetenwatch.de/sites/default/files/election-program-files/linke_wahlprogramm_by2018.pdf",TRUE
"755","BY",2018-10-14,"FDP",NA,NA,"https://www.abgeordnetenwatch.de/sites/default/files/election-program-files/fdp_wahlprogramm_by2018.pdf",TRUE
"756","BY",2018-10-14,"FW-BY",NA,NA,"https://www.abgeordnetenwatch.de/sites/default/files/election-program-files/freie_waehler_wahlprogramm_by2018_0.pdf",TRUE
"757","BY",2018-10-14,"mut",NA,NA,"https://www.abgeordnetenwatch.de/sites/default/files/election-program-files/mut_wahlprogramm_by2018.pdf",TRUE
"758","BY",2018-10-14,"ÖDP",NA,NA,"https://www.abgeordnetenwatch.de/sites/default/files/election-program-files/oedp_wahlprogramm_by2018.pdf",TRUE
"759","BY",2018-10-14,"Gesundheitsforschung",NA,NA,"https://www.abgeordnetenwatch.de/sites/default/files/election-program-files/partei-fuer-gesundheitsforschung_wahlprogramm_by2018.pdf",TRUE
"760","BY",2018-10-14,"Piraten",NA,NA,"https://www.abgeordnetenwatch.de/sites/default/files/election-program-files/piratenpartei_wahlprogramm_by2018.pdf",TRUE
"761","BY",2018-10-14,"SPD",NA,NA,"https://www.abgeordnetenwatch.de/sites/default/files/election-program-files/spd_wahlprogramm_by2018.pdf",TRUE
"762","BY",2018-10-14,"Die Tierschutzpartei",NA,NA,"https://www.abgeordnetenwatch.de/sites/default/files/election-program-files/tierschutz_wahlprogramm_by2018.pdf",TRUE
"763","BY",2018-10-14,"VPartei3",NA,NA,"https://www.abgeordnetenwatch.de/sites/default/files/election-program-files/v-partei_wahlprogramm_grundsatz2018_0.pdf",FALSE
"764","HE",2018-10-28,"AfD",NA,NA,"https://www.abgeordnetenwatch.de/sites/default/files/election-program-files/afd_wahlprogramm_he2018-web_0.pdf",TRUE
"765","HE",2018-10-28,"Grüne",NA,NA,"https://www.abgeordnetenwatch.de/sites/default/files/election-program-files/gruene_wahlprogramm_he2018-web.pdf",TRUE
"766","HE",2018-10-28,"CDU",NA,NA,"https://www.abgeordnetenwatch.de/sites/default/files/election-program-files/cdu_wahlprogramm_he2018_0.pdf",TRUE
"767","HE",2018-10-28,"Linke",NA,NA,"https://www.abgeordnetenwatch.de/sites/default/files/election-program-files/linke_wahlprogramm_he2018.pdf",TRUE
"768","HE",2018-10-28,"DiePartei",NA,NA,"https://www.abgeordnetenwatch.de/sites/default/files/election-program-files/die-partei_wahlprogramm_he2018-web.pdf",TRUE
"769","HE",2018-10-28,"FDP",NA,NA,"https://www.abgeordnetenwatch.de/sites/default/files/election-program-files/fdp_wahlprogramm_he2018.pdf",TRUE
"770","HE",2018-10-28,"FW-HE",NA,NA,"https://www.abgeordnetenwatch.de/sites/default/files/election-program-files/fw_wahlprogramm_he2018_0.pdf",TRUE
"771","HE",2018-10-28,"ÖDP",NA,NA,"https://www.abgeordnetenwatch.de/sites/default/files/election-program-files/oedp_wahlprogramm_he2018.pdf",TRUE
"772","HE",2018-10-28,"Gesundheitsforschung",NA,NA,"https://www.abgeordnetenwatch.de/sites/default/files/election-program-files/partei-fuer-gesundheitsforschung_wahlprogramm_he2018.pdf",TRUE
"773","HE",2018-10-28,"Piraten",NA,NA,"https://www.abgeordnetenwatch.de/sites/default/files/election-program-files/piraten_wahlprogramm_he2018.pdf",TRUE
"774","HE",2018-10-28,"SPD",NA,NA,"https://www.abgeordnetenwatch.de/sites/default/files/election-program-files/spd_wahlprogramm_he2018.pdf",TRUE
"775","HE",2018-10-28,"Die Tierschutzpartei",NA,NA,"https://www.abgeordnetenwatch.de/sites/default/files/election-program-files/tierschutz_wahlprogramm_he2018.pdf",TRUE
"776","HE",2018-10-28,"VPartei3",NA,NA,"https://www.abgeordnetenwatch.de/sites/default/files/election-program-files/v-partei_wahlprogramm_he2018.pdf",FALSE
"777","HB",2019-05-26,"AfD",NA,NA,"https://www.abgeordnetenwatch.de/sites/default/files/election-program-files/afd_wahlprogramm_bremen2019.pdf",TRUE
"778","HB",2019-05-26,"BGE",NA,NA,"https://www.abgeordnetenwatch.de/sites/default/files/election-program-files/bge_wahlprogramm_bremen2019.pdf",TRUE
"779","HB",2019-05-26,"Grüne",NA,NA,"https://www.abgeordnetenwatch.de/sites/default/files/election-program-files/gruene_wahlprogramm_bremen2019.pdf",TRUE
"780","HB",2019-05-26,"BIW",NA,NA,"https://www.abgeordnetenwatch.de/sites/default/files/election-program-files/biw_wahlprogramm_bremen2019.pdf",TRUE
"781","HB",2019-05-26,"CDU",NA,NA,"https://www.abgeordnetenwatch.de/sites/default/files/election-program-files/cdu_wahlprogramm_bremen2019.pdf",TRUE
"782","HB",2019-05-26,"Linke",NA,NA,"https://www.abgeordnetenwatch.de/sites/default/files/election-program-files/dielinke_wahlprogramm_bremen2019.pdf",TRUE
"783","HB",2019-05-26,"FDP",NA,NA,"https://www.abgeordnetenwatch.de/sites/default/files/election-program-files/fdp_wahlprogramm_bremen2019.pdf",TRUE
"784","HB",2019-05-26,"FW-HB",NA,NA,"https://www.abgeordnetenwatch.de/sites/default/files/election-program-files/fw_wahlprogramm_bremen2019.pdf",TRUE
"785","HB",2019-05-26,"Piraten",NA,NA,"https://www.abgeordnetenwatch.de/sites/default/files/election-program-files/piraten_wahlprogramm_bremen2019_vorlaeufig.pdf",TRUE
"786","HB",2019-05-26,"SPD",NA,NA,"https://www.abgeordnetenwatch.de/sites/default/files/election-program-files/spd_wahlprogramm_bremen2019.pdf",TRUE
"787","HB",2019-05-26,"VPartei3",NA,NA,"https://www.abgeordnetenwatch.de/sites/default/files/election-program-files/v-partei3_wahlprogramm_bremen2019_1.pdf",TRUE
"788","HB",2019-05-26,"WIR",NA,NA,"https://www.abgeordnetenwatch.de/sites/default/files/election-program-files/wir_wahlprogramm_hb2019_0.pdf",TRUE
"789","BB",2019-09-01,"Grüne",NA,NA,"https://www.abgeordnetenwatch.de/sites/default/files/election-program-files/gruene_wahlprogramm_brandenburg2019-web.pdf",TRUE
"790","BB",2019-09-01,"FW-BB",NA,NA,"https://www.abgeordnetenwatch.de/sites/default/files/election-program-files/bvb-fw_wahlprogramm_brandenburg2019.pdf",TRUE
"791","BB",2019-09-01,"CDU",NA,NA,"https://www.abgeordnetenwatch.de/sites/default/files/election-program-files/cdu_wahlprogramm_brandenburg2019.pdf",TRUE
"792","BB",2019-09-01,"Linke",NA,NA,"https://www.abgeordnetenwatch.de/sites/default/files/election-program-files/linke_wahlprogramm_brandenburg2019.pdf",TRUE
"793","BB",2019-09-01,"FDP",NA,NA,"https://www.abgeordnetenwatch.de/sites/default/files/election-program-files/fdp_wahlprogramm_brandenburg2019.pdf",TRUE
"794","BB",2019-09-01,"ÖDP",NA,NA,"https://www.abgeordnetenwatch.de/sites/default/files/election-program-files/oedp_grundsatzprogramm_brandenburg2019.pdf",TRUE
"795","BB",2019-09-01,"Piraten",NA,NA,"https://www.abgeordnetenwatch.de/sites/default/files/election-program-files/piraten_wahlprogramm_brandenburg2019.pdf",TRUE
"796","BB",2019-09-01,"SPD",NA,NA,"https://www.abgeordnetenwatch.de/sites/default/files/election-program-files/spd_wahlprogramm_brandenburg2019.pdf",TRUE
"797","BB",2019-09-01,"Die Tierschutzpartei",NA,NA,"https://www.abgeordnetenwatch.de/sites/default/files/election-program-files/tierschutzpartei_grundsatzprogramm_brandenburg2019.pdf",FALSE
"798","BB",2019-09-01,"VPartei3",NA,NA,"https://www.abgeordnetenwatch.de/sites/default/files/election-program-files/v-partei3_wahlprogramm_brandenburg2019.pdf",TRUE
"799","BB",2019-09-01,"AfD",NA,NA,"https://www.abgeordnetenwatch.de/sites/default/files/election-program-files/afd_wahlprogramm_brandenburg2019-web.pdf",TRUE
"800","SN",2019-09-01,"AfD",NA,NA,"https://www.abgeordnetenwatch.de/sites/default/files/election-program-files/afd_wahlprogramm_sachsen2019.pdf",TRUE
"801","SN",2019-09-01,"ADPM",NA,NA,"https://www.abgeordnetenwatch.de/sites/default/files/election-program-files/adpm_wahlprogramm_sachsen2019.pdf",TRUE
"802","SN",2019-09-01,"Grüne",NA,NA,"https://www.abgeordnetenwatch.de/sites/default/files/election-program-files/gruene_wahlprogramm_sachsen2019_0.pdf",TRUE
"803","SN",2019-09-01,"BÜSO",NA,NA,"https://www.abgeordnetenwatch.de/sites/default/files/election-program-files/bueso_grundsatzprogramm_sachsen2019.pdf",FALSE
"804","SN",2019-09-01,"CDU",NA,NA,"https://www.abgeordnetenwatch.de/sites/default/files/election-program-files/cdu_wahlprogramm_sachsen2019.pdf",TRUE
"805","SN",2019-09-01,"Die Humanisten",NA,NA,"https://www.abgeordnetenwatch.de/sites/default/files/election-program-files/humanisten_wahlprogramm_sachsen2019_1.pdf",TRUE
"806","SN",2019-09-01,"Linke",NA,NA,"https://www.abgeordnetenwatch.de/sites/default/files/election-program-files/linke_wahlprogramm_sachsen2019.pdf",TRUE
"807","SN",2019-09-01,"DiePartei",NA,NA,"https://www.abgeordnetenwatch.de/sites/default/files/election-program-files/die-partei_wahlprogramm_sachsen2019.pdf",TRUE
"808","SN",2019-09-01,"FDP",NA,NA,"https://www.abgeordnetenwatch.de/sites/default/files/election-program-files/fdp_wahlprogramm_sachsen_2019.pdf",TRUE
"809","SN",2019-09-01,"FW-SN",NA,NA,"https://www.abgeordnetenwatch.de/sites/default/files/election-program-files/freiewaehler_wahlprogramm_sachsen2019.pdf",TRUE
"810","SN",2019-09-01,"KPD (1990)",NA,NA,"https://www.abgeordnetenwatch.de/sites/default/files/election-program-files/dkp_wahlprogramm_sachsen2019.pdf",TRUE
"811","SN",2019-09-01,"ÖDP",NA,NA,"https://www.abgeordnetenwatch.de/sites/default/files/election-program-files/oedp_wahlprogramm_sachsen2019.pdf",TRUE
"812","SN",2019-09-01,"Vernunft",NA,NA,"https://www.abgeordnetenwatch.de/sites/default/files/election-program-files/pdv_grundsatzprogramm_sachsen2019.pdf",FALSE
"813","SN",2019-09-01,"Gesundheitsforschung",NA,NA,"https://www.abgeordnetenwatch.de/sites/default/files/election-program-files/partei-fuer-gesundheitsforschung_wahlprogramm_sachsen2019.pdf",TRUE
"814","SN",2019-09-01,"Piraten",NA,NA,"https://www.abgeordnetenwatch.de/sites/default/files/election-program-files/piraten_wahlprogramm_sachsen2019.pdf",TRUE
"815","SN",2019-09-01,"SPD",NA,NA,"https://www.abgeordnetenwatch.de/sites/default/files/election-program-files/spd_wahlprogramm_sachsen2019.pdf",TRUE
"816","SN",2019-09-01,"Die Tierschutzpartei",NA,NA,"https://www.abgeordnetenwatch.de/sites/default/files/election-program-files/tierschutzpartei_grundsatzprogramm_sachsen2019.pdf",FALSE
"817","TH",2019-10-27,"AfD",NA,NA,"https://www.abgeordnetenwatch.de/sites/default/files/election-program-files/afd_wahlprogramm_th2019.pdf",TRUE
"818","TH",2019-10-27,"TIERSCHUTZliste",NA,NA,"https://www.abgeordnetenwatch.de/sites/default/files/election-program-files/aktion-partei-fuer-tierschutz_wahlprogramm_th2019.pdf",TRUE
"819","TH",2019-10-27,"BGE",NA,NA,"https://www.abgeordnetenwatch.de/sites/default/files/election-program-files/bge_wahlprogramm_th2019.pdf",TRUE
"820","TH",2019-10-27,"Grüne",NA,NA,"https://www.abgeordnetenwatch.de/sites/default/files/election-program-files/gruene_wahlprogramm_th2019_0.pdf",TRUE
"821","TH",2019-10-27,"CDU",NA,NA,"https://www.abgeordnetenwatch.de/sites/default/files/election-program-files/cdu_wahlprogramm_th2019.pdf",TRUE
"822","TH",2019-10-27,"DieDirekte",NA,NA,"https://www.abgeordnetenwatch.de/sites/default/files/election-program-files/die_direkte_wahlprogramm_th2019.pdf",FALSE
"823","TH",2019-10-27,"Linke",NA,NA,"https://www.abgeordnetenwatch.de/sites/default/files/election-program-files/linke_wahlprogramm_th2019.pdf",TRUE
"824","TH",2019-10-27,"DiePartei",NA,NA,"https://www.abgeordnetenwatch.de/sites/default/files/election-program-files/die_partei_wahlprogramm_th2019.pdf",TRUE
"825","TH",2019-10-27,"FDP",NA,NA,"https://www.abgeordnetenwatch.de/sites/default/files/election-program-files/fdp_wahlprogramm_th2019_0.pdf",TRUE
"826","TH",2019-10-27,"MLPD",NA,NA,"https://www.abgeordnetenwatch.de/sites/default/files/election-program-files/mlpd_wahlprogramm_th2019.pdf",TRUE
"827","TH",2019-10-27,"ÖDP",NA,NA,"https://www.abgeordnetenwatch.de/sites/default/files/election-program-files/oedp_wahlprogramm_th2019.pdf",TRUE
"828","TH",2019-10-27,"Gesundheitsforschung",NA,NA,"https://www.abgeordnetenwatch.de/sites/default/files/election-program-files/partei_fuer_gesundheitsforschung_wahlprogramm_th2019.pdf",TRUE
"829","TH",2019-10-27,"Piraten",NA,NA,"https://www.abgeordnetenwatch.de/sites/default/files/election-program-files/piraten_wahlprogramm_th2019.pdf",TRUE
"830","TH",2019-10-27,"SPD",NA,NA,"https://www.abgeordnetenwatch.de/sites/default/files/election-program-files/spd_wahlprogramm_th2019.pdf",TRUE
"831","HH",2020-02-23,"AfD",NA,NA,"https://www.abgeordnetenwatch.de/sites/default/files/election-program-files/afd_wahlprogramm_hh2020-textversion.pdf",TRUE
"832","HH",2020-02-23,"TIERSCHUTZliste",NA,NA,"https://www.abgeordnetenwatch.de/sites/default/files/election-program-files/aktiontierschutz_wahlprogramm_hh2020.pdf",TRUE
"833","HH",2020-02-23,"Grüne",NA,NA,"https://www.abgeordnetenwatch.de/sites/default/files/election-program-files/gruene_wahlprogramm_hh2020.pdf",TRUE
"834","HH",2020-02-23,"CDU",NA,NA,"https://www.abgeordnetenwatch.de/sites/default/files/election-program-files/cdu_wahlprogramm_hh2020.pdf",TRUE
"835","HH",2020-02-23,"Die Humanisten",NA,NA,"https://www.abgeordnetenwatch.de/sites/default/files/election-program-files/humanisten_wahlprogramm_hh2020.pdf",TRUE
"836","HH",2020-02-23,"Linke",NA,NA,"https://www.abgeordnetenwatch.de/sites/default/files/election-program-files/linke_wahlprogramm_hh2020.pdf",TRUE
"837","HH",2020-02-23,"DiePartei",NA,NA,"https://www.abgeordnetenwatch.de/sites/default/files/election-program-files/diepartei_wahlprogramm_hh2020.pdf",TRUE
"838","HH",2020-02-23,"FDP",NA,NA,"https://www.abgeordnetenwatch.de/sites/default/files/election-program-files/fdp_wahlprogramm_hh2020.pdf",TRUE
"839","HH",2020-02-23,"FW-HH",NA,NA,"https://www.abgeordnetenwatch.de/sites/default/files/election-program-files/freie-wahler_wahlprogramm_hh2020.pdf",TRUE
"840","HH",2020-02-23,"ÖDP",NA,NA,"https://www.abgeordnetenwatch.de/sites/default/files/election-program-files/oedp_wahlprogramm_hh2020_0.pdf",TRUE
"841","HH",2020-02-23,"Gesundheitsforschung",NA,NA,"https://www.abgeordnetenwatch.de/sites/default/files/election-program-files/partei-fuer-gesundheitsforschung_wahlprogramm_hh2020.pdf",TRUE
"842","HH",2020-02-23,"Piraten",NA,NA,"https://www.abgeordnetenwatch.de/sites/default/files/election-program-files/piraten_wahlprogramm_hh_2020.pdf",TRUE
"843","HH",2020-02-23,"SPD",NA,NA,"https://www.abgeordnetenwatch.de/sites/default/files/election-program-files/spd_wahlprogramm_hh2020.pdf",TRUE
"844","HH",2020-02-23,"Die Tierschutzpartei",NA,NA,"https://www.abgeordnetenwatch.de/sites/default/files/election-program-files/tierschutzpartei_grundsatzprogramm_hh2020.pdf",FALSE
"845","HH",2020-02-23,"Volt",NA,NA,"https://www.abgeordnetenwatch.de/sites/default/files/election-program-files/volt_wahlprogramm_hh2020.pdf",TRUE
"846","BW",2021-03-14,"AfD",NA,NA,"https://www.abgeordnetenwatch.de/sites/default/files/election-program-files/landtagswahlprogramm_afd_2021_a4.pdf",TRUE
"847","BW",2021-03-14,"Grüne",NA,NA,"https://www.abgeordnetenwatch.de/sites/default/files/election-program-files/GrueneBW-Landtagswahlprogramm-2021-Wachsen-wir-ueber-uns-hinaus.pdf",TRUE
"848","BW",2021-03-14,"CDU",NA,NA,"https://www.abgeordnetenwatch.de/sites/default/files/election-program-files/CDU_Wahlprogramm%202021.pdf",TRUE
"849","BW",2021-03-14,"DIB",NA,NA,"https://www.abgeordnetenwatch.de/sites/default/files/election-program-files/Wahlprogramm-DiB-Landtagswahl-2021-BaWu%CC%88.pdf",TRUE
"850","BW",2021-03-14,"Die Humanisten",NA,NA,"https://www.abgeordnetenwatch.de/sites/default/files/election-program-files/Humanisten-BW_Wahlprogramm2021_0.pdf",TRUE
"851","BW",2021-03-14,"Linke",NA,NA,"https://www.abgeordnetenwatch.de/sites/default/files/election-program-files/Wahlprogramm_2021_web_1_.pdf",TRUE
"852","BW",2021-03-14,"DKP",NA,NA,"https://www.abgeordnetenwatch.de/sites/default/files/election-program-files/BW_DKP_Wahlprogramm_vorl%C3%A4ufig.pdf",TRUE
"853","BW",2021-03-14,"FDP",NA,NA,"https://www.abgeordnetenwatch.de/sites/default/files/election-program-files/Landtagswahlprogramm_2021_final.pdf",TRUE
"854","BW",2021-03-14,"FW-BW",NA,NA,"https://www.abgeordnetenwatch.de/sites/default/files/election-program-files/Landtagswahlprogramm_2021.pdf",TRUE
"855","BW",2021-03-14,"Klimaliste",NA,NA,"https://www.abgeordnetenwatch.de/sites/default/files/election-program-files/BW_Klimaliste_Wahlprogramm_2021.pdf",TRUE
"856","BW",2021-03-14,"ÖDP",NA,NA,"https://www.abgeordnetenwatch.de/sites/default/files/election-program-files/BW_%C3%B6dp_Wahlprogramm_2021.pdf",TRUE
"857","BW",2021-03-14,"Piraten",NA,NA,"https://www.abgeordnetenwatch.de/sites/default/files/election-program-files/BW_Piraten_Wahlprogramm_2021_0.pdf",TRUE
"858","BW",2021-03-14,"SPD",NA,NA,"https://www.abgeordnetenwatch.de/sites/default/files/election-program-files/SPD-Wahlprogramm_LTW_2021.pdf",TRUE
"859","BW",2021-03-14,"Volt",NA,NA,"https://www.abgeordnetenwatch.de/sites/default/files/election-program-files/Volt_Wahlprogramm_BW21.pdf",TRUE
"860","RP",2021-03-14,"AfD",NA,NA,"https://www.abgeordnetenwatch.de/sites/default/files/election-program-files/AfD-RLP_Wahlprogramm_2021_2.1-ansicht.pdf",TRUE
"861","RP",2021-03-14,"Grüne",NA,NA,"https://www.abgeordnetenwatch.de/sites/default/files/election-program-files/LTW2021_Wahlprogramm.pdf",TRUE
"862","RP",2021-03-14,"CDU",NA,NA,"https://www.abgeordnetenwatch.de/sites/default/files/election-program-files/cdu-rlp-regierungsprogramm_210126_2.pdf",TRUE
"863","RP",2021-03-14,"Linke",NA,NA,"https://www.abgeordnetenwatch.de/sites/default/files/election-program-files/LTW21_landtagswahlprogramm_vVOE_Gestaltet.pdf",TRUE
"864","RP",2021-03-14,"DiePartei",NA,NA,"https://www.abgeordnetenwatch.de/sites/default/files/election-program-files/Sehr-gutes-Wahlprogramm-der-PARTEI-LTW2021.pdf",TRUE
"865","RP",2021-03-14,"FDP",NA,NA,"https://www.abgeordnetenwatch.de/sites/default/files/election-program-files/wahlprogrammfdprlpltw2021rev1%281%29.pdf",TRUE
"866","RP",2021-03-14,"FW-RP",NA,NA,"https://www.abgeordnetenwatch.de/sites/default/files/election-program-files/Wahlprogramm-2021-FREIE-WA%CC%88HLER%281%29.pdf",TRUE
"867","RP",2021-03-14,"Klimaliste",NA,NA,"https://www.abgeordnetenwatch.de/sites/default/files/election-program-files/Klimaplan%20Rheinland-Pfalz.pdf",TRUE
"868","RP",2021-03-14,"ÖDP",NA,NA,"https://www.abgeordnetenwatch.de/sites/default/files/election-program-files/ProgrammRLP2021_Layout.pdf",TRUE
"869","RP",2021-03-14,"Piraten",NA,NA,"https://www.abgeordnetenwatch.de/sites/default/files/election-program-files/Wahlprogramm_RLP_2020.pdf",TRUE
"870","RP",2021-03-14,"SPD",NA,NA,"https://www.abgeordnetenwatch.de/sites/default/files/election-program-files/SPDrlp_WirMitIhr_Regierungsprogramm2021-2026.pdf",TRUE
"871","RP",2021-03-14,"Die Tierschutzpartei",NA,NA,"https://www.abgeordnetenwatch.de/sites/default/files/election-program-files/grundsatzprogramm.pdf",FALSE
"872","RP",2021-03-14,"Volt",NA,NA,"https://www.abgeordnetenwatch.de/sites/default/files/election-program-files/201208_Wahlprogramm_RLP.pdf",TRUE
"873","ST",2021-06-06,"AfD",NA,NA,"https://www.abgeordnetenwatch.de/sites/default/files/election-program-files/Landtagswahlprogram21AfDLSA.pdf",TRUE
"874","ST",2021-06-06,"TIERSCHUTZliste",NA,NA,"https://www.abgeordnetenwatch.de/sites/default/files/election-program-files/TierschutzHIER%21_Wahlprogramm_LTWST2021.pdf",TRUE
"875","ST",2021-06-06,"Grüne",NA,NA,"https://www.abgeordnetenwatch.de/sites/default/files/election-program-files/2021-01-11-Entwurf-Landtagswahlprogramm-final.pdf",TRUE
"876","ST",2021-06-06,"CDU",NA,NA,"https://www.abgeordnetenwatch.de/sites/default/files/election-program-files/regierungsprogramm_2021_cdulsa.pdf",TRUE
"877","ST",2021-06-06,"Die Humanisten",NA,NA,"https://www.abgeordnetenwatch.de/sites/default/files/election-program-files/DieHumanisten_Wahlprogramm_LTWST2021.pdf",TRUE
"878","ST",2021-06-06,"Linke",NA,NA,"https://www.abgeordnetenwatch.de/sites/default/files/election-program-files/2021-03-19-Beschluss_Landtagswahlporgramm_2021-final.pdf",TRUE
"879","ST",2021-06-06,"FDP",NA,NA,"https://www.abgeordnetenwatch.de/sites/default/files/election-program-files/wahlprogramm-sachsen-anhalt.final_.pdf",TRUE
"880","ST",2021-06-06,"FW-ST",NA,NA,"https://www.abgeordnetenwatch.de/sites/default/files/election-program-files/ST_FW_Wahlprogramm_2021.pdf",TRUE
"881","ST",2021-06-06,"Klimaliste",NA,NA,"https://www.abgeordnetenwatch.de/sites/default/files/election-program-files/KlimalisteST_Wahlprogramm_LTWST2021.pdf",TRUE
"882","ST",2021-06-06,"LKR",NA,NA,"https://www.abgeordnetenwatch.de/sites/default/files/election-program-files/Wahlprogramm%20LTW%202021%20final.pdf",TRUE
"883","ST",2021-06-06,"ÖDP",NA,NA,"https://www.abgeordnetenwatch.de/sites/default/files/election-program-files/%C3%96DP_Wahlprogramm_LTWST2021.pdf",TRUE
"884","ST",2021-06-06,"Gesundheitsforschung",NA,NA,"https://www.abgeordnetenwatch.de/sites/default/files/election-program-files/PfGesundhf_Wahlprogramm_LTWST2021.pdf",TRUE
"885","ST",2021-06-06,"Piraten",NA,NA,"https://www.abgeordnetenwatch.de/sites/default/files/election-program-files/Piraten_Wahlprogramm_LTWST2021.pdf",TRUE
"886","ST",2021-06-06,"SPD",NA,NA,"https://www.abgeordnetenwatch.de/sites/default/files/election-program-files/SPD_Wahlprogramm_ST.pdf",TRUE
"887","BE",2021-09-26,"AfD",NA,NA,"https://www.abgeordnetenwatch.de/sites/default/files/election-program-files/afd-lvblnwahlprogramm-2021web-1.pdf",TRUE
"888","BE",2021-09-26,"Grüne",NA,NA,"https://www.abgeordnetenwatch.de/sites/default/files/election-program-files/B%C3%BCndnis90-DieGr%C3%BCnen_Wahlprogramm_LTWBLN2021.pdf",TRUE
"889","BE",2021-09-26,"CDU",NA,NA,"https://www.abgeordnetenwatch.de/sites/default/files/election-program-files/CDU_Wahlprogramm_AHW2021.pdf",TRUE
"890","BE",2021-09-26,"Die Humanisten",NA,NA,"https://www.abgeordnetenwatch.de/sites/default/files/election-program-files/Humanisten_Wahlprogramm_AHW2021.pdf",TRUE
"891","BE",2021-09-26,"Linke",NA,NA,"https://www.abgeordnetenwatch.de/sites/default/files/election-program-files/DieLINKE_Wahlprogramm_LTWBLN2021.pdf",TRUE
"892","BE",2021-09-26,"DKP",NA,NA,"https://www.abgeordnetenwatch.de/sites/default/files/election-program-files/DKP_Wahlprogramm_AHW2021.pdf",TRUE
"893","BE",2021-09-26,"FDP",NA,NA,"https://www.abgeordnetenwatch.de/sites/default/files/election-program-files/wahlprogramm-der-fdp-berlin-zur-abgeordnetenhauswahl-2021.pdf",TRUE
"894","BE",2021-09-26,"FW-BE",NA,NA,"https://www.abgeordnetenwatch.de/sites/default/files/election-program-files/20210811fwberlinwahlprogramm2021.pdf",TRUE
"895","BE",2021-09-26,"Klimaliste",NA,NA,"https://www.abgeordnetenwatch.de/sites/default/files/election-program-files/KlimalisteBerlin_Wahlprogramm_LTWBLN2021.pdf",TRUE
"896","BE",2021-09-26,"LKR",NA,NA,"https://www.abgeordnetenwatch.de/sites/default/files/election-program-files/LKR_Wahlprogramm_AHW2021.pdf",TRUE
"897","BE",2021-09-26,"Mieterpartei",NA,NA,"https://www.abgeordnetenwatch.de/sites/default/files/election-program-files/Vorl%C3%A4ufig_Mieterpartei_Wahlprogramm_LTWBLN2021.pdf",TRUE
"898","BE",2021-09-26,"ÖDP",NA,NA,"https://www.abgeordnetenwatch.de/sites/default/files/election-program-files/%C3%96DP_Wahlprogramm_AHW2021.pdf",TRUE
"899","BE",2021-09-26,"SPD",NA,NA,"https://www.abgeordnetenwatch.de/sites/default/files/election-program-files/SPD_Wahlprogramm_LTWBLN2021.pdf",TRUE
"900","BE",2021-09-26,"Volt",NA,NA,"https://www.abgeordnetenwatch.de/sites/default/files/election-program-files/Volt_Wahlprogramm_LTWBLN2021.pdf",TRUE
"901","MV",2021-09-26,"AfD",NA,NA,"https://www.abgeordnetenwatch.de/sites/default/files/election-program-files/AfD_Wahlprogramm_LTWMV2021.pdf",TRUE
"902","MV",2021-09-26,"Grüne",NA,NA,"https://www.abgeordnetenwatch.de/sites/default/files/election-program-files/DieGr%C3%BCnen_Wahlprogramm_LTWMV2021.pdf",TRUE
"903","MV",2021-09-26,"CDU",NA,NA,"https://www.abgeordnetenwatch.de/sites/default/files/election-program-files/CDU_Wahlprogramm_LTWMV2021.pdf",TRUE
"904","MV",2021-09-26,"Linke",NA,NA,"https://www.abgeordnetenwatch.de/sites/default/files/election-program-files/LINKE_Wahlprogramm_LTWMV2021.pdf",TRUE
"905","MV",2021-09-26,"DiePartei",NA,NA,"https://www.abgeordnetenwatch.de/sites/default/files/election-program-files/die-parteiltw-mv-21.pdf",TRUE
"906","MV",2021-09-26,"FDP",NA,NA,"https://www.abgeordnetenwatch.de/sites/default/files/election-program-files/wahlprogrammfdpmvltw21v21.pdf",TRUE
"907","MV",2021-09-26,"FW-MV",NA,NA,"https://www.abgeordnetenwatch.de/sites/default/files/election-program-files/FreieW%C3%A4hler_Wahlprogramm_LTWMV2021.pdf",TRUE
"908","MV",2021-09-26,"ÖDP",NA,NA,"https://www.abgeordnetenwatch.de/sites/default/files/election-program-files/oedpmecklenburg-vorpommernlandesprogramm.pdf",TRUE
"909","MV",2021-09-26,"Piraten",NA,NA,"https://www.abgeordnetenwatch.de/sites/default/files/election-program-files/Piratenpartei_Wahlprogramm_LTWMV2021.pdf",TRUE
"910","MV",2021-09-26,"SPD",NA,NA,"https://www.abgeordnetenwatch.de/sites/default/files/election-program-files/SPD_Wahlprogramm_LTWMV2021.pdf",TRUE
"911","SH",2022-05-08,"AfD",NA,NA,"https://www.abgeordnetenwatch.de/sites/default/files/election-program-files/wahlprogrammafdsh2022.pdf",TRUE
"912","SH",2022-05-08,"Grüne",NA,NA,"https://www.abgeordnetenwatch.de/sites/default/files/election-program-files/grueneshltw22wahlprogramm.pdf",TRUE
"913","SH",2022-05-08,"CDU",NA,NA,"https://www.abgeordnetenwatch.de/sites/default/files/election-program-files/cdushltw22wahlprogramm.pdf",TRUE
"914","SH",2022-05-08,"Linke",NA,NA,"https://www.abgeordnetenwatch.de/sites/default/files/election-program-files/linkeshltw22wahlprogramm.pdf",TRUE
"915","SH",2022-05-08,"DiePartei",NA,NA,"https://www.abgeordnetenwatch.de/sites/default/files/election-program-files/dieparteishltw22wahlprogramm.pdf",TRUE
"916","SH",2022-05-08,"dieBasis",NA,NA,"https://www.abgeordnetenwatch.de/sites/default/files/election-program-files/diebasispositionspapierzurlandtagswahl2022.pdf",TRUE
"917","SH",2022-05-08,"FDP",NA,NA,"https://www.abgeordnetenwatch.de/sites/default/files/election-program-files/fdpshltw22wahlprogramm.pdf",TRUE
"918","SH",2022-05-08,"FW-SH",NA,NA,"https://www.abgeordnetenwatch.de/sites/default/files/election-program-files/freiewahlershltw22wahlprogramm.pdf",TRUE
"919","SH",2022-05-08,"SPD",NA,NA,"https://www.abgeordnetenwatch.de/sites/default/files/election-program-files/spdshltw22wahlprogramm.pdf",TRUE
"920","SH",2022-05-08,"SSW",NA,NA,"https://www.abgeordnetenwatch.de/sites/default/files/election-program-files/sswshltw22wahlprogramm.pdf",TRUE
"921","SH",2022-05-08,"Volt",NA,NA,"https://www.abgeordnetenwatch.de/sites/default/files/election-program-files/voltshltw22wahlprogramm.pdf",TRUE
"922","NW",2022-05-15,"AfD",NA,NA,"https://www.abgeordnetenwatch.de/sites/default/files/election-program-files/afd-nrwltw22wahlprogramm.pdf",TRUE
"923","NW",2022-05-15,"Grüne",NA,NA,"https://www.abgeordnetenwatch.de/sites/default/files/election-program-files/grunenrwltw22wahlprogramm.pdf",TRUE
"924","NW",2022-05-15,"CDU",NA,NA,"https://www.abgeordnetenwatch.de/sites/default/files/election-program-files/cdunrwltw22wahlprogramm.pdf",TRUE
"925","NW",2022-05-15,"Linke",NA,NA,"https://www.abgeordnetenwatch.de/sites/default/files/election-program-files/linkenrwltw22wahlprogramm.pdf",TRUE
"926","NW",2022-05-15,"DiePartei",NA,NA,"https://www.abgeordnetenwatch.de/sites/default/files/election-program-files/dieparteiwahlprogrammnrw2022.pdf",TRUE
"927","NW",2022-05-15,"FDP",NA,NA,"https://www.abgeordnetenwatch.de/sites/default/files/election-program-files/fdpnrwltw22wahlprogramm.pdf",TRUE
"928","NW",2022-05-15,"Piraten",NA,NA,"https://www.abgeordnetenwatch.de/sites/default/files/election-program-files/piratenparteinrwltw22wahlprogramm.pdf",TRUE
"929","NW",2022-05-15,"SPD",NA,NA,"https://www.abgeordnetenwatch.de/sites/default/files/election-program-files/spdnrwltw22wahlprogramm.pdf",TRUE
"930","NW",2022-05-15,"Volt",NA,NA,"https://www.abgeordnetenwatch.de/sites/default/files/election-program-files/voltnrwltw22wahlprogramm.pdf",TRUE
"931","NI",2022-10-09,"SPD",NA,NA,"https://www.abgeordnetenwatch.de/sites/default/files/election-program-files/spdniedersachsenltw22regierungsprogramm.pdf",TRUE
"932","NI",2022-10-09,"CDU",NA,NA,"https://www.abgeordnetenwatch.de/sites/default/files/election-program-files/cduniedersachsenltw22wahlprogramm.pdf",TRUE
"933","NI",2022-10-09,"Grüne",NA,NA,"https://www.abgeordnetenwatch.de/sites/default/files/election-program-files/gruneniedersachenltw22wahlprogrammentwurf.pdf",TRUE
"934","NI",2022-10-09,"FDP",NA,NA,"https://www.abgeordnetenwatch.de/sites/default/files/election-program-files/fdpniedersachsenltw22wahlprogramm.pdf",TRUE
"935","NI",2022-10-09,"AfD",NA,NA,"https://www.abgeordnetenwatch.de/sites/default/files/election-program-files/afdniedersachsenltw22wahlprogramm.pdf",TRUE
"936","NI",2022-10-09,"FW-NI",NA,NA,"https://www.abgeordnetenwatch.de/sites/default/files/election-program-files/fwniedersachsenltw22wahlprogramm.pdf",TRUE
"937","NI",2022-10-09,"Gesundheitsforschung",NA,NA,"https://www.abgeordnetenwatch.de/sites/default/files/election-program-files/gesundheitsforschungniedersachsenltw22.pdf",TRUE
"938","NI",2022-10-09,"Die Humanisten",NA,NA,"https://www.abgeordnetenwatch.de/sites/default/files/election-program-files/humanistenniedersachsenltw22wahlprogramm.pdf",TRUE
"939","NI",2022-10-09,"Linke",NA,NA,"https://www.abgeordnetenwatch.de/sites/default/files/election-program-files/linkeniedersachsenltw22wahlprogramm.pdf",TRUE
"940","NI",2022-10-09,"DiePartei",NA,NA,"https://www.abgeordnetenwatch.de/sites/default/files/election-program-files/parteiniedersachsenltw22wahlprogramm.pdf",TRUE
"941","NI",2022-10-09,"Piraten",NA,NA,"https://www.abgeordnetenwatch.de/sites/default/files/election-program-files/piratenniedersachsenltw22wahlprogramm.pdf",TRUE
"942","NI",2022-10-09,"Volt",NA,NA,"https://www.abgeordnetenwatch.de/sites/default/files/election-program-files/voltniedersachsenltw22wahlprogramm.pdf",TRUE
