"","bland","m7","m7b","za_nr1","state","election_date","partyname_short"
"1","Brandenburg","CDU/CSU","nicht gefragt",19662,"BB",1990-10-14,"CDU"
"2","Brandenburg","Grüne","nicht gefragt",19662,"BB",1990-10-14,"Grüne"
"3","Brandenburg","FDP","nicht gefragt",19662,"BB",1990-10-14,"FDP"
"4","Brandenburg","SPD","nicht gefragt",19662,"BB",1990-10-14,"SPD"
"5","Brandenburg","REP","nicht gefragt",19662,"BB",1990-10-14,"Rep"
"6","Brandenburg","PDS","nicht gefragt",19662,"BB",1990-10-14,"Linke"
"7","Brandenburg","Christl. Liga","nicht gefragt",19662,"BB",1990-10-14,"CHRLiga"
"8","Brandenburg","DSU","nicht gefragt",19662,"BB",1990-10-14,"DSU"
"9","Brandenburg","SPD","nicht gefragt",2507,"BB",1994-09-11,"SPD"
"10","Brandenburg","CDU/CSU","nicht gefragt",2507,"BB",1994-09-11,"CDU"
"11","Brandenburg","PDS","nicht gefragt",2507,"BB",1994-09-11,"Linke"
"12","Brandenburg","ÖDP","nicht gefragt",2507,"BB",1994-09-11,"ÖDP"
"13","Brandenburg","UWVB","nicht gefragt",2507,"BB",1994-09-11,"UWVB"
"14","Brandenburg","Grüne","nicht gefragt",2507,"BB",1994-09-11,"Grüne"
"15","Brandenburg","FDP","nicht gefragt",2507,"BB",1994-09-11,"FDP"
"16","Brandenburg","REP","nicht gefragt",2507,"BB",1994-09-11,"Rep"
"17","Brandenburg","Graue","nicht gefragt",2507,"BB",1994-09-11,"Graue"
"18","Brandenburg","FW/FWG","nicht gefragt",2507,"BB",1994-09-11,"FW-BB"
"19","Brandenburg","PDS","nicht gefragt",3895,"BB",1999-09-05,"Linke"
"20","Brandenburg","SPD","nicht gefragt",3895,"BB",1999-09-05,"SPD"
"21","Brandenburg","NPD","nicht gefragt",3895,"BB",1999-09-05,"NPD"
"22","Brandenburg","CDU/CSU","nicht gefragt",3895,"BB",1999-09-05,"CDU"
"23","Brandenburg","FDP","nicht gefragt",3895,"BB",1999-09-05,"FDP"
"24","Brandenburg","Grüne","nicht gefragt",3895,"BB",1999-09-05,"Grüne"
"25","Brandenburg","DVU","nicht gefragt",3895,"BB",1999-09-05,"DVU"
"26","Brandenburg","SPD","nicht gefragt",3992,"BB",2004-09-19,"SPD"
"27","Brandenburg","AFW","nicht gefragt",3992,"BB",2004-09-19,"FW-BB"
"28","Brandenburg","PDS","nicht gefragt",3992,"BB",2004-09-19,"Linke"
"29","Brandenburg","DVU","nicht gefragt",3992,"BB",2004-09-19,"DVU"
"30","Brandenburg","Grüne","nicht gefragt",3992,"BB",2004-09-19,"Grüne"
"31","Brandenburg","CDU/CSU","nicht gefragt",3992,"BB",2004-09-19,"CDU"
"32","Brandenburg","FDP","nicht gefragt",3992,"BB",2004-09-19,"FDP"
"33","Brandenburg","FAMILIE","nicht gefragt",3992,"BB",2004-09-19,"Familie"
"34","Brandenburg","AUB","nicht gefragt",3992,"BB",2004-09-19,"AUB-Brandenburg"
"35","Brandenburg","50+BB","nicht gefragt",3992,"BB",2004-09-19,"50Plus"
"36","Brandenburg","Graue","nicht gefragt",3992,"BB",2004-09-19,"Graue"
"37","Brandenburg","PRO/Schill","nicht gefragt",3992,"BB",2004-09-19,"PRO (Schill)"
"38","Berlin","SPD","nicht gefragt",2312,"BE",1979-03-18,"SPD"
"39","Berlin","Grüne","nicht gefragt",2312,"BE",1979-03-18,"Grüne"
"40","Berlin","FDP","nicht gefragt",2312,"BE",1979-03-18,"FDP"
"41","Berlin","CDU/CSU","nicht gefragt",2312,"BE",1979-03-18,"CDU"
"42","Berlin","SED/SEW","nicht gefragt",2312,"BE",1979-03-18,"SED-WB"
"43","Berlin","KBW","nicht gefragt",2312,"BE",1979-03-18,"KBW"
"44","Berlin","CDU/CSU","nicht gefragt",2313,"BE",1981-05-10,"CDU"
"45","Berlin","FDP","nicht gefragt",2313,"BE",1981-05-10,"FDP"
"46","Berlin","SPD","nicht gefragt",2313,"BE",1981-05-10,"SPD"
"47","Berlin","Grüne","nicht gefragt",2313,"BE",1981-05-10,"Grüne"
"48","Berlin","GL","nicht gefragt",2313,"BE",1981-05-10,"GLB"
"49","Berlin","SED/SEW","nicht gefragt",2313,"BE",1981-05-10,"SED-WB"
"50","Berlin","SPD","nicht gefragt",1465,"BE",1985-03-10,"SPD"
"51","Berlin","Grüne","nicht gefragt",1465,"BE",1985-03-10,"Grüne"
"52","Berlin","CDU/CSU","nicht gefragt",1465,"BE",1985-03-10,"CDU"
"53","Berlin","DA (BE 85)","nicht gefragt",1465,"BE",1985-03-10,"DA"
"54","Berlin","FDP","nicht gefragt",1465,"BE",1985-03-10,"FDP"
"55","Berlin","SED/SEW","nicht gefragt",1465,"BE",1985-03-10,"SED-WB"
"56","Berlin","SPD","nicht gefragt",1766,"BE",1989-01-29,"SPD"
"57","Berlin","CDU/CSU","nicht gefragt",1766,"BE",1989-01-29,"CDU"
"58","Berlin","REP","nicht gefragt",1766,"BE",1989-01-29,"Rep"
"59","Berlin","SED/SEW","nicht gefragt",1766,"BE",1989-01-29,"SED-WB"
"60","Berlin","FDP","nicht gefragt",1766,"BE",1989-01-29,"FDP"
"61","Berlin","Grüne","nicht gefragt",1766,"BE",1989-01-29,"Grüne"
"62","Berlin","DA (BE 89)","nicht gefragt",1766,"BE",1989-01-29,"DA"
"63","Berlin","PDS","nicht gefragt",19661,"BE",1990-12-02,"Linke"
"64","Berlin","Grüne","nicht gefragt",19661,"BE",1990-12-02,"Grüne"
"65","Berlin","CDU/CSU","nicht gefragt",19661,"BE",1990-12-02,"CDU"
"66","Berlin","SPD","nicht gefragt",19661,"BE",1990-12-02,"SPD"
"67","Berlin","FDP","nicht gefragt",19661,"BE",1990-12-02,"FDP"
"68","Berlin","DSU","nicht gefragt",19661,"BE",1990-12-02,"DSU"
"69","Berlin","SPD","nicht gefragt",2649,"BE",1995-10-22,"SPD"
"70","Berlin","PDS","nicht gefragt",2649,"BE",1995-10-22,"Linke"
"71","Berlin","Grüne","nicht gefragt",2649,"BE",1995-10-22,"Grüne"
"72","Berlin","CDU/CSU","nicht gefragt",2649,"BE",1995-10-22,"CDU"
"73","Berlin","REP","nicht gefragt",2649,"BE",1995-10-22,"Rep"
"74","Berlin","Graue","nicht gefragt",2649,"BE",1995-10-22,"Graue"
"75","Berlin","FDP","nicht gefragt",2649,"BE",1995-10-22,"FDP"
"76","Berlin","BSP Berlin","nicht gefragt",2649,"BE",1995-10-22,"BSPBerlin"
"77","Berlin","APD","nicht gefragt",2649,"BE",1995-10-22,"APD"
"78","Berlin","KrPD/RZ","nicht gefragt",2649,"BE",1995-10-22,"KPD/RZ"
"79","Berlin","ÖDP","nicht gefragt",2649,"BE",1995-10-22,"ÖDP"
"80","Berlin","SPD","nicht gefragt",3894,"BE",1999-10-10,"SPD"
"81","Berlin","CDU/CSU","nicht gefragt",3894,"BE",1999-10-10,"CDU"
"82","Berlin","Grüne","nicht gefragt",3894,"BE",1999-10-10,"Grüne"
"83","Berlin","Graue","nicht gefragt",3894,"BE",1999-10-10,"Graue"
"84","Berlin","KrPD/RZ","nicht gefragt",3894,"BE",1999-10-10,"KPD/RZ"
"85","Berlin","PDS","nicht gefragt",3894,"BE",1999-10-10,"Linke"
"86","Berlin","FDP","nicht gefragt",3894,"BE",1999-10-10,"FDP"
"87","Berlin","NPD","nicht gefragt",3894,"BE",1999-10-10,"NPD"
"88","Berlin","REP","nicht gefragt",3894,"BE",1999-10-10,"Rep"
"89","Berlin","PASS","nicht gefragt",3894,"BE",1999-10-10,"PASS"
"90","Berlin","MUT","nicht gefragt",3894,"BE",1999-10-10,"Die Tierschutzpartei"
"91","Berlin","DL","nicht gefragt",3894,"BE",1999-10-10,"DL (1999)"
"92","Berlin","SPD","nicht gefragt",3862,"BE",2001-10-21,"SPD"
"93","Berlin","Grüne","nicht gefragt",3862,"BE",2001-10-21,"Grüne"
"94","Berlin","CDU/CSU","nicht gefragt",3862,"BE",2001-10-21,"CDU"
"95","Berlin","FDP","nicht gefragt",3862,"BE",2001-10-21,"FDP"
"96","Berlin","PDS","nicht gefragt",3862,"BE",2001-10-21,"Linke"
"97","Berlin","REP","nicht gefragt",3862,"BE",2001-10-21,"Rep"
"98","Berlin","HP","nicht gefragt",3862,"BE",2001-10-21,"HP"
"99","Berlin","STATT","nicht gefragt",3862,"BE",2001-10-21,"STATT"
"100","Berlin","Graue","nicht gefragt",3862,"BE",2001-10-21,"Graue"
"101","Berlin","ÖDP","nicht gefragt",3862,"BE",2001-10-21,"ÖDP"
"102","Berlin","NPD","nicht gefragt",3862,"BE",2001-10-21,"NPD"
"103","Berlin","DKP","nicht gefragt",3862,"BE",2001-10-21,"DKP"
"104","Berlin","BüSo","nicht gefragt",3862,"BE",2001-10-21,"BÜSO"
"105","Baden-Württemberg","SPD","nicht gefragt",327,"BW",1968-04-28,"SPD"
"106","Baden-Württemberg","NPD","nicht gefragt",327,"BW",1968-04-28,"NPD"
"107","Baden-Württemberg","CDU/CSU","nicht gefragt",327,"BW",1968-04-28,"CDU"
"108","Baden-Württemberg","FDP","nicht gefragt",327,"BW",1968-04-28,"FDP"
"109","Baden-Württemberg","DL","nicht gefragt",327,"BW",1968-04-28,"DL (1967)"
"110","Baden-Württemberg","nicht gefragt","SPD",519,"BW",1968-04-28,"SPD"
"111","Baden-Württemberg","nicht gefragt","CDU/CSU",519,"BW",1968-04-28,"CDU"
"112","Baden-Württemberg","nicht gefragt","NPD",519,"BW",1968-04-28,"NPD"
"113","Baden-Württemberg","nicht gefragt","FDP",519,"BW",1968-04-28,"FDP"
"114","Baden-Württemberg","nicht gefragt","SPD",520,"BW",1968-04-28,"SPD"
"115","Baden-Württemberg","nicht gefragt","CDU/CSU",520,"BW",1968-04-28,"CDU"
"116","Baden-Württemberg","nicht gefragt","FDP",520,"BW",1968-04-28,"FDP"
"117","Baden-Württemberg","nicht gefragt","NPD",520,"BW",1968-04-28,"NPD"
"118","Baden-Württemberg","SPD","nicht gefragt",2311,"BW",1980-03-16,"SPD"
"119","Baden-Württemberg","FDP","nicht gefragt",2311,"BW",1980-03-16,"FDP"
"120","Baden-Württemberg","CDU/CSU","nicht gefragt",2311,"BW",1980-03-16,"CDU"
"121","Baden-Württemberg","Grüne","nicht gefragt",2311,"BW",1980-03-16,"Grüne"
"122","Baden-Württemberg","DKP","nicht gefragt",2311,"BW",1980-03-16,"DKP"
"123","Baden-Württemberg","CDU/CSU","nicht gefragt",1372,"BW",1984-03-25,"CDU"
"124","Baden-Württemberg","SPD","nicht gefragt",1372,"BW",1984-03-25,"SPD"
"125","Baden-Württemberg","FDP","nicht gefragt",1372,"BW",1984-03-25,"FDP"
"126","Baden-Württemberg","Grüne","nicht gefragt",1372,"BW",1984-03-25,"Grüne"
"127","Baden-Württemberg","DKP","nicht gefragt",1372,"BW",1984-03-25,"DKP"
"128","Baden-Württemberg","SPD","nicht gefragt",1656,"BW",1988-03-20,"SPD"
"129","Baden-Württemberg","Grüne","nicht gefragt",1656,"BW",1988-03-20,"Grüne"
"130","Baden-Württemberg","CDU/CSU","nicht gefragt",1656,"BW",1988-03-20,"CDU"
"131","Baden-Württemberg","ÖDP","nicht gefragt",1656,"BW",1988-03-20,"ÖDP"
"132","Baden-Württemberg","FDP","nicht gefragt",1656,"BW",1988-03-20,"FDP"
"133","Baden-Württemberg","NPD","nicht gefragt",1656,"BW",1988-03-20,"NPD"
"134","Baden-Württemberg","REP","nicht gefragt",1656,"BW",1988-03-20,"Rep"
"135","Baden-Württemberg","DKP","nicht gefragt",1656,"BW",1988-03-20,"DKP"
"136","Baden-Württemberg","SPD","nicht gefragt",2301,"BW",1992-04-05,"SPD"
"137","Baden-Württemberg","FDP","nicht gefragt",2301,"BW",1992-04-05,"FDP"
"138","Baden-Württemberg","Grüne","nicht gefragt",2301,"BW",1992-04-05,"Grüne"
"139","Baden-Württemberg","CDU/CSU","nicht gefragt",2301,"BW",1992-04-05,"CDU"
"140","Baden-Württemberg","REP","nicht gefragt",2301,"BW",1992-04-05,"Rep"
"141","Baden-Württemberg","ÖDP","nicht gefragt",2301,"BW",1992-04-05,"ÖDP"
"142","Baden-Württemberg","Graue","nicht gefragt",2301,"BW",1992-04-05,"Graue"
"143","Baden-Württemberg","NPD","nicht gefragt",2301,"BW",1992-04-05,"NPD"
"144","Baden-Württemberg","CDU/CSU","nicht gefragt",2913,"BW",1996-03-24,"CDU"
"145","Baden-Württemberg","SPD","nicht gefragt",2913,"BW",1996-03-24,"SPD"
"146","Baden-Württemberg","FDP","nicht gefragt",2913,"BW",1996-03-24,"FDP"
"147","Baden-Württemberg","Grüne","nicht gefragt",2913,"BW",1996-03-24,"Grüne"
"148","Baden-Württemberg","REP","nicht gefragt",2913,"BW",1996-03-24,"Rep"
"149","Baden-Württemberg","Graue","nicht gefragt",2913,"BW",1996-03-24,"Graue"
"150","Baden-Württemberg","MUT","nicht gefragt",2913,"BW",1996-03-24,"Die Tierschutzpartei"
"151","Baden-Württemberg","ÖDP","nicht gefragt",2913,"BW",1996-03-24,"ÖDP"
"152","Baden-Württemberg","CPD","nicht gefragt",2913,"BW",1996-03-24,"CPD"
"153","Baden-Württemberg","DKP","nicht gefragt",2913,"BW",1996-03-24,"DKP"
"154","Baden-Württemberg","PBC","nicht gefragt",2913,"BW",1996-03-24,"BündnisC"
"155","Baden-Württemberg","FDP","nicht gefragt",3381,"BW",2001-03-25,"FDP"
"156","Baden-Württemberg","Grüne","nicht gefragt",3381,"BW",2001-03-25,"Grüne"
"157","Baden-Württemberg","CDU/CSU","nicht gefragt",3381,"BW",2001-03-25,"CDU"
"158","Baden-Württemberg","SPD","nicht gefragt",3381,"BW",2001-03-25,"SPD"
"159","Baden-Württemberg","REP","nicht gefragt",3381,"BW",2001-03-25,"Rep"
"160","Baden-Württemberg","ÖDP","nicht gefragt",3381,"BW",2001-03-25,"ÖDP"
"161","Baden-Württemberg","NPD","nicht gefragt",3381,"BW",2001-03-25,"NPD"
"162","Bayern","nicht gefragt","CDU/CSU",472,"BY",1966-11-20,"CSU"
"163","Bayern","nicht gefragt","SPD",472,"BY",1966-11-20,"SPD"
"164","Bayern","nicht gefragt","FDP",472,"BY",1966-11-20,"FDP"
"165","Bayern","nicht gefragt","NPD",472,"BY",1966-11-20,"NPD"
"166","Bayern","nicht gefragt","BP",472,"BY",1966-11-20,"BP"
"167","Bayern","DKP","nicht gefragt",871,"BY",1974-10-27,"DKP"
"168","Bayern","CDU/CSU","nicht gefragt",871,"BY",1974-10-27,"CSU"
"169","Bayern","SPD","nicht gefragt",871,"BY",1974-10-27,"SPD"
"170","Bayern","FDP","nicht gefragt",871,"BY",1974-10-27,"FDP"
"171","Bayern","BP","nicht gefragt",871,"BY",1974-10-27,"BP"
"172","Bayern","NPD","nicht gefragt",871,"BY",1974-10-27,"NPD"
"173","Bayern","CDU/CSU","nicht gefragt",1247,"BY",1982-10-10,"CSU"
"174","Bayern","SPD","nicht gefragt",1247,"BY",1982-10-10,"SPD"
"175","Bayern","Grüne","nicht gefragt",1247,"BY",1982-10-10,"Grüne"
"176","Bayern","FDP","nicht gefragt",1247,"BY",1982-10-10,"FDP"
"177","Bayern","DKP","nicht gefragt",1247,"BY",1982-10-10,"DKP"
"178","Bayern","NPD","nicht gefragt",1247,"BY",1982-10-10,"NPD"
"179","Bayern","CDU/CSU","nicht gefragt",1551,"BY",1986-10-12,"CSU"
"180","Bayern","SPD","nicht gefragt",1551,"BY",1986-10-12,"SPD"
"181","Bayern","FDP","nicht gefragt",1551,"BY",1986-10-12,"FDP"
"182","Bayern","Grüne","nicht gefragt",1551,"BY",1986-10-12,"Grüne"
"183","Bayern","Grüne","nicht gefragt",1963,"BY",1990-10-14,"Grüne"
"184","Bayern","CDU/CSU","nicht gefragt",1963,"BY",1990-10-14,"CSU"
"185","Bayern","SPD","nicht gefragt",1963,"BY",1990-10-14,"SPD"
"186","Bayern","FDP","nicht gefragt",1963,"BY",1990-10-14,"FDP"
"187","Bayern","ÖDP","nicht gefragt",1963,"BY",1990-10-14,"ÖDP"
"188","Bayern","REP","nicht gefragt",1963,"BY",1990-10-14,"Rep"
"189","Bayern","BP","nicht gefragt",1963,"BY",1990-10-14,"BP"
"190","Bayern","SPD","nicht gefragt",2506,"BY",1994-09-25,"SPD"
"191","Bayern","CDU/CSU","nicht gefragt",2506,"BY",1994-09-25,"CSU"
"192","Bayern","REP","nicht gefragt",2506,"BY",1994-09-25,"Rep"
"193","Bayern","FDP","nicht gefragt",2506,"BY",1994-09-25,"FDP"
"194","Bayern","Grüne","nicht gefragt",2506,"BY",1994-09-25,"Grüne"
"195","Bayern","ÖDP","nicht gefragt",2506,"BY",1994-09-25,"ÖDP"
"196","Bayern","BP","nicht gefragt",2506,"BY",1994-09-25,"BP"
"197","Bayern","FW/FWG","nicht gefragt",2506,"BY",1994-09-25,"FW-BY"
"198","Bayern","Bund freier Bürger","nicht gefragt",2506,"BY",1994-09-25,"BFB"
"199","Bayern","FBU","nicht gefragt",2506,"BY",1994-09-25,"FBU"
"200","Bayern","NPD","nicht gefragt",2506,"BY",1994-09-25,"NPD"
"201","Bayern","STATT","nicht gefragt",2506,"BY",1994-09-25,"STATT"
"202","Bayern","SPD","nicht gefragt",3167,"BY",1998-09-13,"SPD"
"203","Bayern","CDU/CSU","nicht gefragt",3167,"BY",1998-09-13,"CSU"
"204","Bayern","FW/FWG","nicht gefragt",3167,"BY",1998-09-13,"FW-BY"
"205","Bayern","FDP","nicht gefragt",3167,"BY",1998-09-13,"FDP"
"206","Bayern","Grüne","nicht gefragt",3167,"BY",1998-09-13,"Grüne"
"207","Bayern","BP","nicht gefragt",3167,"BY",1998-09-13,"BP"
"208","Bayern","ÖDP","nicht gefragt",3167,"BY",1998-09-13,"ÖDP"
"209","Bayern","REP","nicht gefragt",3167,"BY",1998-09-13,"Rep"
"210","Bayern","Bund freier Bürger","nicht gefragt",3167,"BY",1998-09-13,"BFB"
"211","Bayern","PBC","nicht gefragt",3167,"BY",1998-09-13,"BündnisC"
"212","Bayern","ASP","nicht gefragt",3167,"BY",1998-09-13,"AStP"
"213","Bayern","CDU/CSU","nicht gefragt",3955,"BY",2003-09-21,"CSU"
"214","Bayern","Grüne","nicht gefragt",3955,"BY",2003-09-21,"Grüne"
"215","Bayern","FDP","nicht gefragt",3955,"BY",2003-09-21,"FDP"
"216","Bayern","SPD","nicht gefragt",3955,"BY",2003-09-21,"SPD"
"217","Bayern","ÖDP","nicht gefragt",3955,"BY",2003-09-21,"ÖDP"
"218","Bayern","REP","nicht gefragt",3955,"BY",2003-09-21,"Rep"
"219","Bayern","FW/FWG","nicht gefragt",3955,"BY",2003-09-21,"FW-BY"
"220","Bayern","BP","nicht gefragt",3955,"BY",2003-09-21,"BP"
"221","Bayern","PBC","nicht gefragt",3955,"BY",2003-09-21,"BündnisC"
"222","Bayern","BüSo","nicht gefragt",3955,"BY",2003-09-21,"BÜSO"
"223","Bayern","Unabh. Kandidaten","nicht gefragt",3955,"BY",2003-09-21,"UfBD"
"224","Bremen","SPD","nicht gefragt",2314,"HB",1979-10-07,"SPD"
"225","Bremen","FDP","nicht gefragt",2314,"HB",1979-10-07,"FDP"
"226","Bremen","CDU/CSU","nicht gefragt",2314,"HB",1979-10-07,"CDU"
"227","Bremen","NPD","nicht gefragt",2314,"HB",1979-10-07,"NPD"
"228","Bremen","Grüne","nicht gefragt",2314,"HB",1979-10-07,"BGL"
"229","Bremen","ALB","nicht gefragt",2314,"HB",1979-10-07,"BAL"
"230","Bremen","DKP","nicht gefragt",2314,"HB",1979-10-07,"DKP"
"231","Bremen","w.n./verweigert/KA","nicht gefragt",1370,"HB",1983-09-25,"CDU"
"232","Bremen","BAL","nicht gefragt",1370,"HB",1983-09-25,"SPD"
"233","Bremen","FDP","nicht gefragt",1370,"HB",1983-09-25,"BAL"
"234","Bremen","BGL","nicht gefragt",1370,"HB",1983-09-25,"BGL"
"235","Bremen","Grüne","nicht gefragt",1370,"HB",1983-09-25,"Grüne"
"236","Bremen","Liberale Demokraten","nicht gefragt",1370,"HB",1983-09-25,"LD"
"237","Bremen","Grüne","nicht gefragt",1655,"HB",1987-09-13,"Grüne"
"238","Bremen","SPD","nicht gefragt",1655,"HB",1987-09-13,"SPD"
"239","Bremen","FDP","nicht gefragt",1655,"HB",1987-09-13,"FDP"
"240","Bremen","CDU/CSU","nicht gefragt",1655,"HB",1987-09-13,"CDU"
"241","Bremen","DVU","nicht gefragt",1655,"HB",1987-09-13,"DVU"
"242","Bremen","REP","nicht gefragt",1655,"HB",1987-09-13,"Rep"
"243","Bremen","SPD","nicht gefragt",2119,"HB",1991-09-29,"SPD"
"244","Bremen","CDU/CSU","nicht gefragt",2119,"HB",1991-09-29,"CDU"
"245","Bremen","Grüne","nicht gefragt",2119,"HB",1991-09-29,"Grüne"
"246","Bremen","FDP","nicht gefragt",2119,"HB",1991-09-29,"FDP"
"247","Bremen","DVU","nicht gefragt",2119,"HB",1991-09-29,"DVU"
"248","Bremen","REP","nicht gefragt",2119,"HB",1991-09-29,"Rep"
"249","Bremen","Graue","nicht gefragt",2119,"HB",1991-09-29,"Graue"
"250","Bremen","SPD","nicht gefragt",2581,"HB",1995-05-14,"SPD"
"251","Bremen","AFB","nicht gefragt",2581,"HB",1995-05-14,"AFB"
"252","Bremen","CDU/CSU","nicht gefragt",2581,"HB",1995-05-14,"CDU"
"253","Bremen","Grüne","nicht gefragt",2581,"HB",1995-05-14,"Grüne"
"254","Bremen","Graue","nicht gefragt",2581,"HB",1995-05-14,"Graue"
"255","Bremen","DVU","nicht gefragt",2581,"HB",1995-05-14,"DVU"
"256","Bremen","FDP","nicht gefragt",2581,"HB",1995-05-14,"FDP"
"257","Bremen","PDS","nicht gefragt",2581,"HB",1995-05-14,"Linke"
"258","Bremen","STATT","nicht gefragt",2581,"HB",1995-05-14,"STATT"
"259","Bremen","REP","nicht gefragt",2581,"HB",1995-05-14,"Rep"
"260","Bremen","CDU/CSU","nicht gefragt",3169,"HB",1999-06-06,"CDU"
"261","Bremen","Grüne","nicht gefragt",3169,"HB",1999-06-06,"Grüne"
"262","Bremen","SPD","nicht gefragt",3169,"HB",1999-06-06,"SPD"
"263","Bremen","AFB","nicht gefragt",3169,"HB",1999-06-06,"AFB"
"264","Bremen","PDS","nicht gefragt",3169,"HB",1999-06-06,"Linke"
"265","Bremen","FDP","nicht gefragt",3169,"HB",1999-06-06,"FDP"
"266","Bremen","DVU","nicht gefragt",3169,"HB",1999-06-06,"DVU"
"267","Bremen","Naturgesetz-Partei","nicht gefragt",3169,"HB",1999-06-06,"Naturgesetz"
"268","Bremen","SPD","nicht gefragt",3953,"HB",2003-05-25,"SPD"
"269","Bremen","Grüne","nicht gefragt",3953,"HB",2003-05-25,"Grüne"
"270","Bremen","CDU/CSU","nicht gefragt",3953,"HB",2003-05-25,"CDU"
"271","Bremen","PDS","nicht gefragt",3953,"HB",2003-05-25,"Linke"
"272","Bremen","PRO/Schill","nicht gefragt",3953,"HB",2003-05-25,"PRO (Schill)"
"273","Bremen","FDP","nicht gefragt",3953,"HB",2003-05-25,"FDP"
"274","Bremen","DVU","nicht gefragt",3953,"HB",2003-05-25,"DVU"
"275","Bremen","Graue","nicht gefragt",3953,"HB",2003-05-25,"Graue"
"276","Bremen","PBC","nicht gefragt",3953,"HB",2003-05-25,"BündnisC"
"277","Hessen","nicht gefragt","SPD",63,"HE",1962-11-11,"SPD"
"278","Hessen","nicht gefragt","CDU/CSU",63,"HE",1962-11-11,"CDU"
"279","Hessen","nicht gefragt","GDP",63,"HE",1962-11-11,"GDP"
"280","Hessen","nicht gefragt","FDP",63,"HE",1962-11-11,"FDP"
"281","Hessen","nicht gefragt","DG",63,"HE",1962-11-11,"DG"
"282","Hessen","nicht gefragt","DFU",63,"HE",1962-11-11,"DFU"
"283","Hessen","CDU/CSU","nicht gefragt",514,"HE",1970-11-08,"CDU"
"284","Hessen","SPD","nicht gefragt",514,"HE",1970-11-08,"SPD"
"285","Hessen","FDP","nicht gefragt",514,"HE",1970-11-08,"FDP"
"286","Hessen","DKP","nicht gefragt",514,"HE",1970-11-08,"DKP"
"287","Hessen","NPD","nicht gefragt",514,"HE",1970-11-08,"NPD"
"288","Hessen","CDU/CSU","nicht gefragt",1246,"HE",1982-09-26,"CDU"
"289","Hessen","SPD","nicht gefragt",1246,"HE",1982-09-26,"SPD"
"290","Hessen","FDP","nicht gefragt",1246,"HE",1982-09-26,"FDP"
"291","Hessen","Grüne","nicht gefragt",1246,"HE",1982-09-26,"Grüne"
"292","Hessen","DKP","nicht gefragt",1246,"HE",1982-09-26,"DKP"
"293","Hessen","SPD","nicht gefragt",1371,"HE",1983-09-25,"SPD"
"294","Hessen","FDP","nicht gefragt",1371,"HE",1983-09-25,"FDP"
"295","Hessen","CDU/CSU","nicht gefragt",1371,"HE",1983-09-25,"CDU"
"296","Hessen","Grüne","nicht gefragt",1371,"HE",1983-09-25,"Grüne"
"297","Hessen","Liberale Demokraten","nicht gefragt",1371,"HE",1983-09-25,"LD"
"298","Hessen","SPD","nicht gefragt",1651,"HE",1987-04-05,"SPD"
"299","Hessen","CDU/CSU","nicht gefragt",1651,"HE",1987-04-05,"CDU"
"300","Hessen","FDP","nicht gefragt",1651,"HE",1987-04-05,"FDP"
"301","Hessen","Grüne","nicht gefragt",1651,"HE",1987-04-05,"Grüne"
"302","Hessen","CDU/CSU","nicht gefragt",2115,"HE",1991-01-20,"CDU"
"303","Hessen","Grüne","nicht gefragt",2115,"HE",1991-01-20,"Grüne"
"304","Hessen","FDP","nicht gefragt",2115,"HE",1991-01-20,"FDP"
"305","Hessen","SPD","nicht gefragt",2115,"HE",1991-01-20,"SPD"
"306","Hessen","REP","nicht gefragt",2115,"HE",1991-01-20,"Rep"
"307","Hessen","Graue","nicht gefragt",2115,"HE",1991-01-20,"Graue"
"308","Hessen","CDU/CSU","nicht gefragt",2116,"HE",1991-01-20,"CDU"
"309","Hessen","SPD","nicht gefragt",2116,"HE",1991-01-20,"SPD"
"310","Hessen","Grüne","nicht gefragt",2116,"HE",1991-01-20,"Grüne"
"311","Hessen","REP","nicht gefragt",2116,"HE",1991-01-20,"Rep"
"312","Hessen","FDP","nicht gefragt",2116,"HE",1991-01-20,"FDP"
"313","Hessen","Graue","nicht gefragt",2116,"HE",1991-01-20,"Graue"
"314","Hessen","ÖDP","nicht gefragt",2116,"HE",1991-01-20,"ÖDP"
"315","Hessen","CDU/CSU","nicht gefragt",2582,"HE",1995-02-19,"CDU"
"316","Hessen","SPD","nicht gefragt",2582,"HE",1995-02-19,"SPD"
"317","Hessen","Grüne","nicht gefragt",2582,"HE",1995-02-19,"Grüne"
"318","Hessen","FDP","nicht gefragt",2582,"HE",1995-02-19,"FDP"
"319","Hessen","REP","nicht gefragt",2582,"HE",1995-02-19,"Rep"
"320","Hessen","ÖDP","nicht gefragt",2582,"HE",1995-02-19,"ÖDP"
"321","Hessen","PBC","nicht gefragt",2582,"HE",1995-02-19,"BündnisC"
"322","Hessen","Graue","nicht gefragt",2582,"HE",1995-02-19,"Graue"
"323","Hessen","STATT","nicht gefragt",2582,"HE",1995-02-19,"STATT"
"324","Hessen","Bund freier Bürger","nicht gefragt",2582,"HE",1995-02-19,"BFB"
"325","Hessen","NPD","nicht gefragt",2582,"HE",1995-02-19,"NPD"
"326","Hessen","CDU/CSU","nicht gefragt",3120,"HE",1999-02-07,"CDU"
"327","Hessen","SPD","nicht gefragt",3120,"HE",1999-02-07,"SPD"
"328","Hessen","Grüne","nicht gefragt",3120,"HE",1999-02-07,"Grüne"
"329","Hessen","FDP","nicht gefragt",3120,"HE",1999-02-07,"FDP"
"330","Hessen","FW/FWG","nicht gefragt",3120,"HE",1999-02-07,"FW-HE"
"331","Hessen","PBC","nicht gefragt",3120,"HE",1999-02-07,"BündnisC"
"332","Hessen","REP","nicht gefragt",3120,"HE",1999-02-07,"Rep"
"333","Hessen","MUT","nicht gefragt",3120,"HE",1999-02-07,"Die Tierschutzpartei"
"334","Hessen","Bund freier Bürger","nicht gefragt",3120,"HE",1999-02-07,"BFB"
"335","Hessen","FDP","nicht gefragt",3866,"HE",2003-02-02,"FDP"
"336","Hessen","CDU/CSU","nicht gefragt",3866,"HE",2003-02-02,"CDU"
"337","Hessen","SPD","nicht gefragt",3866,"HE",2003-02-02,"SPD"
"338","Hessen","Grüne","nicht gefragt",3866,"HE",2003-02-02,"Grüne"
"339","Hessen","DKP","nicht gefragt",3866,"HE",2003-02-02,"DKP"
"340","Hessen","PRO/Schill","nicht gefragt",3866,"HE",2003-02-02,"PRO (Schill)"
"341","Hessen","MUT","nicht gefragt",3866,"HE",2003-02-02,"Die Tierschutzpartei"
"342","Hessen","REP","nicht gefragt",3866,"HE",2003-02-02,"Rep"
"343","Hessen","FAG","nicht gefragt",3866,"HE",2003-02-02,"FAGHessen"
"344","Hamburg","SPD","nicht gefragt",2315,"HH",1978-06-04,"SPD"
"345","Hamburg","CDU/CSU","nicht gefragt",2315,"HH",1978-06-04,"CDU"
"346","Hamburg","GLU","nicht gefragt",2315,"HH",1978-06-04,"ÖDP"
"347","Hamburg","FDP","nicht gefragt",2315,"HH",1978-06-04,"FDP"
"348","Hamburg","Bunte Liste","nicht gefragt",2315,"HH",1978-06-04,"Grüne"
"349","Hamburg","DKP","nicht gefragt",2315,"HH",1978-06-04,"DKP"
"350","Hamburg","NPD","nicht gefragt",2315,"HH",1978-06-04,"NPD"
"351","Hamburg","FDP","nicht gefragt",1248,"HH",1982-06-06,"FDP"
"352","Hamburg","SPD","nicht gefragt",1248,"HH",1982-06-06,"SPD"
"353","Hamburg","Grüne","nicht gefragt",1248,"HH",1982-06-06,"Grüne"
"354","Hamburg","CDU/CSU","nicht gefragt",1248,"HH",1982-06-06,"CDU"
"355","Hamburg","DKP","nicht gefragt",1248,"HH",1982-06-06,"DKP"
"356","Hamburg","SPD","nicht gefragt",1249,"HH",1982-12-19,"SPD"
"357","Hamburg","CDU/CSU","nicht gefragt",1249,"HH",1982-12-19,"CDU"
"358","Hamburg","FDP","nicht gefragt",1249,"HH",1982-12-19,"FDP"
"359","Hamburg","Grüne","nicht gefragt",1249,"HH",1982-12-19,"Grüne"
"360","Hamburg","DKP","nicht gefragt",1249,"HH",1982-12-19,"DKP"
"361","Hamburg","Grüne","nicht gefragt",1552,"HH",1986-11-09,"Grüne"
"362","Hamburg","CDU/CSU","nicht gefragt",1552,"HH",1986-11-09,"CDU"
"363","Hamburg","SPD","nicht gefragt",1552,"HH",1986-11-09,"SPD"
"364","Hamburg","FDP","nicht gefragt",1552,"HH",1986-11-09,"FDP"
"365","Hamburg","DKP","nicht gefragt",1552,"HH",1986-11-09,"DKP"
"366","Hamburg","Grüne","nicht gefragt",1653,"HH",1987-05-17,"Grüne"
"367","Hamburg","SPD","nicht gefragt",1653,"HH",1987-05-17,"SPD"
"368","Hamburg","CDU/CSU","nicht gefragt",1653,"HH",1987-05-17,"CDU"
"369","Hamburg","FDP","nicht gefragt",1653,"HH",1987-05-17,"FDP"
"370","Hamburg","Grüne","nicht gefragt",2118,"HH",1991-06-02,"Grüne"
"371","Hamburg","SPD","nicht gefragt",2118,"HH",1991-06-02,"SPD"
"372","Hamburg","CDU/CSU","nicht gefragt",2118,"HH",1991-06-02,"CDU"
"373","Hamburg","REP","nicht gefragt",2118,"HH",1991-06-02,"Rep"
"374","Hamburg","FDP","nicht gefragt",2118,"HH",1991-06-02,"FDP"
"375","Hamburg","PDS","nicht gefragt",2118,"HH",1991-06-02,"Linke"
"376","Hamburg","AL","nicht gefragt",2118,"HH",1991-06-02,"AL"
"377","Hamburg","Graue","nicht gefragt",2118,"HH",1991-06-02,"Graue"
"378","Hamburg","HLA","nicht gefragt",2118,"HH",1991-06-02,"HLA"
"379","Hamburg","Grüne","nicht gefragt",2398,"HH",1993-09-19,"Grüne"
"380","Hamburg","DVU","nicht gefragt",2398,"HH",1993-09-19,"DVU"
"381","Hamburg","SPD","nicht gefragt",2398,"HH",1993-09-19,"SPD"
"382","Hamburg","CDU/CSU","nicht gefragt",2398,"HH",1993-09-19,"CDU"
"383","Hamburg","FDP","nicht gefragt",2398,"HH",1993-09-19,"FDP"
"384","Hamburg","ÖDP","nicht gefragt",2398,"HH",1993-09-19,"ÖDP"
"385","Hamburg","STATT","nicht gefragt",2398,"HH",1993-09-19,"STATT"
"386","Hamburg","REP","nicht gefragt",2398,"HH",1993-09-19,"Rep"
"387","Hamburg","Graue","nicht gefragt",2398,"HH",1993-09-19,"Graue"
"388","Hamburg","Grüne","nicht gefragt",3030,"HH",1997-09-21,"Grüne"
"389","Hamburg","SPD","nicht gefragt",3030,"HH",1997-09-21,"SPD"
"390","Hamburg","CDU/CSU","nicht gefragt",3030,"HH",1997-09-21,"CDU"
"391","Hamburg","Graue","nicht gefragt",3030,"HH",1997-09-21,"Graue"
"392","Hamburg","FDP","nicht gefragt",3030,"HH",1997-09-21,"FDP"
"393","Hamburg","APPD","nicht gefragt",3030,"HH",1997-09-21,"APPD"
"394","Hamburg","DP","nicht gefragt",3030,"HH",1997-09-21,"DP"
"395","Hamburg","Bund freier Bürger","nicht gefragt",3030,"HH",1997-09-21,"BFB"
"396","Hamburg","DVU","nicht gefragt",3030,"HH",1997-09-21,"DVU"
"397","Hamburg","PDS","nicht gefragt",3030,"HH",1997-09-21,"Linke"
"398","Hamburg","STATT","nicht gefragt",3030,"HH",1997-09-21,"STATT"
"399","Hamburg","Zukunft für Kinder","nicht gefragt",3030,"HH",1997-09-21,"FürKinder"
"400","Hamburg","PBC","nicht gefragt",3030,"HH",1997-09-21,"BündnisC"
"401","Hamburg","REP","nicht gefragt",3030,"HH",1997-09-21,"Rep"
"402","Hamburg","MUT","nicht gefragt",3030,"HH",1997-09-21,"Die Tierschutzpartei"
"403","Hamburg","Naturgesetz-Partei","nicht gefragt",3030,"HH",1997-09-21,"Naturgesetz"
"404","Hamburg","UDP","nicht gefragt",3030,"HH",1997-09-21,"UDP"
"405","Hamburg","NPD","nicht gefragt",3030,"HH",1997-09-21,"NPD"
"406","Hamburg","PRO/Schill","nicht gefragt",3863,"HH",2001-09-23,"PRO (Schill)"
"407","Hamburg","Grüne","nicht gefragt",3863,"HH",2001-09-23,"Grüne"
"408","Hamburg","CDU/CSU","nicht gefragt",3863,"HH",2001-09-23,"CDU"
"409","Hamburg","SPD","nicht gefragt",3863,"HH",2001-09-23,"SPD"
"410","Hamburg","Regenbogen","nicht gefragt",3863,"HH",2001-09-23,"Regenbogen"
"411","Hamburg","PDS","nicht gefragt",3863,"HH",2001-09-23,"Linke"
"412","Hamburg","FDP","nicht gefragt",3863,"HH",2001-09-23,"FDP"
"413","Hamburg","STATT","nicht gefragt",3863,"HH",2001-09-23,"STATT"
"414","Hamburg","Graue","nicht gefragt",3863,"HH",2001-09-23,"Graue"
"415","Hamburg","DVU","nicht gefragt",3863,"HH",2001-09-23,"DVU"
"416","Hamburg","CDU/CSU","nicht gefragt",3990,"HH",2004-02-29,"CDU"
"417","Hamburg","Grüne","nicht gefragt",3990,"HH",2004-02-29,"Grüne"
"418","Hamburg","SPD","nicht gefragt",3990,"HH",2004-02-29,"SPD"
"419","Hamburg","Regenbogen","nicht gefragt",3990,"HH",2004-02-29,"Regenbogen"
"420","Hamburg","Graue","nicht gefragt",3990,"HH",2004-02-29,"Graue"
"421","Hamburg","FDP","nicht gefragt",3990,"HH",2004-02-29,"FDP"
"422","Hamburg","Pro DM","nicht gefragt",3990,"HH",2004-02-29,"Pro DM/Schill"
"423","Hamburg","PRO/Schill","nicht gefragt",3990,"HH",2004-02-29,"PRO (Schill)"
"424","Hamburg","NPD","nicht gefragt",3990,"HH",2004-02-29,"NPD"
"425","Mecklenburg-Vorpommern","SPD","nicht gefragt",19665,"MV",1990-10-14,"SPD"
"426","Mecklenburg-Vorpommern","PDS","nicht gefragt",19665,"MV",1990-10-14,"Linke"
"427","Mecklenburg-Vorpommern","CDU/CSU","nicht gefragt",19665,"MV",1990-10-14,"CDU"
"428","Mecklenburg-Vorpommern","Grüne","nicht gefragt",19665,"MV",1990-10-14,"Grüne"
"429","Mecklenburg-Vorpommern","DSU","nicht gefragt",19665,"MV",1990-10-14,"DSU"
"430","Mecklenburg-Vorpommern","DBU","nicht gefragt",19665,"MV",1990-10-14,"DBU"
"431","Mecklenburg-Vorpommern","FDP","nicht gefragt",19665,"MV",1990-10-14,"FDP"
"432","Mecklenburg-Vorpommern","SPD","nicht gefragt",2508,"MV",1994-10-16,"SPD"
"433","Mecklenburg-Vorpommern","CDU/CSU","nicht gefragt",2508,"MV",1994-10-16,"CDU"
"434","Mecklenburg-Vorpommern","PDS","nicht gefragt",2508,"MV",1994-10-16,"Linke"
"435","Mecklenburg-Vorpommern","Grüne","nicht gefragt",2508,"MV",1994-10-16,"Grüne"
"436","Mecklenburg-Vorpommern","FDP","nicht gefragt",2508,"MV",1994-10-16,"FDP"
"437","Mecklenburg-Vorpommern","Graue","nicht gefragt",2508,"MV",1994-10-16,"Graue"
"438","Mecklenburg-Vorpommern","PASS","nicht gefragt",2508,"MV",1994-10-16,"PASS"
"439","Mecklenburg-Vorpommern","NPD","nicht gefragt",2508,"MV",1994-10-16,"NPD"
"440","Mecklenburg-Vorpommern","REP","nicht gefragt",2508,"MV",1994-10-16,"Rep"
"441","Mecklenburg-Vorpommern","BUMV","nicht gefragt",2508,"MV",1994-10-16,"BUMV"
"442","Mecklenburg-Vorpommern","NBP","nicht gefragt",2508,"MV",1994-10-16,"NorddeutscheBauern"
"443","Mecklenburg-Vorpommern","SPD","nicht gefragt",3168,"MV",1998-09-27,"SPD"
"444","Mecklenburg-Vorpommern","CDU/CSU","nicht gefragt",3168,"MV",1998-09-27,"CDU"
"445","Mecklenburg-Vorpommern","NPD","nicht gefragt",3168,"MV",1998-09-27,"NPD"
"446","Mecklenburg-Vorpommern","PDS","nicht gefragt",3168,"MV",1998-09-27,"Linke"
"447","Mecklenburg-Vorpommern","Graue","nicht gefragt",3168,"MV",1998-09-27,"Graue"
"448","Mecklenburg-Vorpommern","Grüne","nicht gefragt",3168,"MV",1998-09-27,"Grüne"
"449","Mecklenburg-Vorpommern","FDP","nicht gefragt",3168,"MV",1998-09-27,"FDP"
"450","Mecklenburg-Vorpommern","DVU","nicht gefragt",3168,"MV",1998-09-27,"DVU"
"451","Mecklenburg-Vorpommern","Bund freier Bürger","nicht gefragt",3168,"MV",1998-09-27,"BFB"
"452","Mecklenburg-Vorpommern","REP","nicht gefragt",3168,"MV",1998-09-27,"Rep"
"453","Mecklenburg-Vorpommern","Pro DM","nicht gefragt",3168,"MV",1998-09-27,"Pro DM/Schill"
"454","Mecklenburg-Vorpommern","CDU/CSU","nicht gefragt",3864,"MV",2002-09-22,"CDU"
"455","Mecklenburg-Vorpommern","SPD","nicht gefragt",3864,"MV",2002-09-22,"SPD"
"456","Mecklenburg-Vorpommern","FDP","nicht gefragt",3864,"MV",2002-09-22,"FDP"
"457","Mecklenburg-Vorpommern","PDS","nicht gefragt",3864,"MV",2002-09-22,"Linke"
"458","Mecklenburg-Vorpommern","Grüne","nicht gefragt",3864,"MV",2002-09-22,"Grüne"
"459","Mecklenburg-Vorpommern","Spasspartei","nicht gefragt",3864,"MV",2002-09-22,"Spasspartei"
"460","Mecklenburg-Vorpommern","PRO/Schill","nicht gefragt",3864,"MV",2002-09-22,"PRO (Schill)"
"461","Mecklenburg-Vorpommern","BMV","nicht gefragt",3864,"MV",2002-09-22,"FW-MV"
"462","Mecklenburg-Vorpommern","Graue","nicht gefragt",3864,"MV",2002-09-22,"Graue"
"463","Niedersachsen","nicht gefragt","SPD",703,"NI",1970-06-14,"SPD"
"464","Niedersachsen","nicht gefragt","CDU/CSU",703,"NI",1970-06-14,"CDU"
"465","Niedersachsen","nicht gefragt","FDP",703,"NI",1970-06-14,"FDP"
"466","Niedersachsen","nicht gefragt","NPD",703,"NI",1970-06-14,"NPD"
"467","Niedersachsen","nicht gefragt","DKP",703,"NI",1970-06-14,"DKP"
"468","Niedersachsen","SPD","nicht gefragt",2316,"NI",1978-06-04,"SPD"
"469","Niedersachsen","CDU/CSU","nicht gefragt",2316,"NI",1978-06-04,"CDU"
"470","Niedersachsen","FDP","nicht gefragt",2316,"NI",1978-06-04,"FDP"
"471","Niedersachsen","GLU","nicht gefragt",2316,"NI",1978-06-04,"Grüne"
"472","Niedersachsen","CDU/CSU","nicht gefragt",1245,"NI",1982-03-21,"CDU"
"473","Niedersachsen","SPD","nicht gefragt",1245,"NI",1982-03-21,"SPD"
"474","Niedersachsen","FDP","nicht gefragt",1245,"NI",1982-03-21,"FDP"
"475","Niedersachsen","Grüne","nicht gefragt",1245,"NI",1982-03-21,"Grüne"
"476","Niedersachsen","DKP","nicht gefragt",1245,"NI",1982-03-21,"DKP"
"477","Niedersachsen","SPD","nicht gefragt",1519,"NI",1986-06-15,"SPD"
"478","Niedersachsen","CDU/CSU","nicht gefragt",1519,"NI",1986-06-15,"CDU"
"479","Niedersachsen","FDP","nicht gefragt",1519,"NI",1986-06-15,"FDP"
"480","Niedersachsen","Grüne","nicht gefragt",1519,"NI",1986-06-15,"Grüne"
"481","Niedersachsen","DKP","nicht gefragt",1519,"NI",1986-06-15,"DKP"
"482","Niedersachsen","SPD","nicht gefragt",1934,"NI",1990-05-13,"SPD"
"483","Niedersachsen","CDU/CSU","nicht gefragt",1934,"NI",1990-05-13,"CDU"
"484","Niedersachsen","Grüne","nicht gefragt",1934,"NI",1990-05-13,"Grüne"
"485","Niedersachsen","FDP","nicht gefragt",1934,"NI",1990-05-13,"FDP"
"486","Niedersachsen","ÖDP","nicht gefragt",1934,"NI",1990-05-13,"ÖDP"
"487","Niedersachsen","NPD","nicht gefragt",1934,"NI",1990-05-13,"NPD"
"488","Niedersachsen","REP","nicht gefragt",1934,"NI",1990-05-13,"Rep"
"489","Niedersachsen","DRD","nicht gefragt",1934,"NI",1990-05-13,"DRD"
"490","Niedersachsen","CDU/CSU","nicht gefragt",2509,"NI",1994-03-13,"CDU"
"491","Niedersachsen","SPD","nicht gefragt",2509,"NI",1994-03-13,"SPD"
"492","Niedersachsen","Grüne","nicht gefragt",2509,"NI",1994-03-13,"Grüne"
"493","Niedersachsen","STATT","nicht gefragt",2509,"NI",1994-03-13,"STATT"
"494","Niedersachsen","REP","nicht gefragt",2509,"NI",1994-03-13,"Rep"
"495","Niedersachsen","FDP","nicht gefragt",2509,"NI",1994-03-13,"FDP"
"496","Niedersachsen","PBC","nicht gefragt",2509,"NI",1994-03-13,"BündnisC"
"497","Niedersachsen","Graue","nicht gefragt",2509,"NI",1994-03-13,"Graue"
"498","Niedersachsen","NPD","nicht gefragt",2509,"NI",1994-03-13,"NPD"
"499","Niedersachsen","LLN","nicht gefragt",2509,"NI",1994-03-13,"LLN"
"500","Niedersachsen","ÖDP","nicht gefragt",2509,"NI",1994-03-13,"ÖDP"
"501","Niedersachsen","SPD","nicht gefragt",2986,"NI",1998-03-01,"SPD"
"502","Niedersachsen","CDU/CSU","nicht gefragt",2986,"NI",1998-03-01,"CDU"
"503","Niedersachsen","Grüne","nicht gefragt",2986,"NI",1998-03-01,"Grüne"
"504","Niedersachsen","REP","nicht gefragt",2986,"NI",1998-03-01,"Rep"
"505","Niedersachsen","FDP","nicht gefragt",2986,"NI",1998-03-01,"FDP"
"506","Niedersachsen","SPD","nicht gefragt",3031,"NI",1998-03-01,"SPD"
"507","Niedersachsen","CDU/CSU","nicht gefragt",3031,"NI",1998-03-01,"CDU"
"508","Niedersachsen","FDP","nicht gefragt",3031,"NI",1998-03-01,"FDP"
"509","Niedersachsen","STATT","nicht gefragt",3031,"NI",1998-03-01,"STATT"
"510","Niedersachsen","Grüne","nicht gefragt",3031,"NI",1998-03-01,"Grüne"
"511","Niedersachsen","REP","nicht gefragt",3031,"NI",1998-03-01,"Rep"
"512","Niedersachsen","ÖDP","nicht gefragt",3031,"NI",1998-03-01,"ÖDP"
"513","Niedersachsen","SPD","nicht gefragt",3867,"NI",2003-02-02,"SPD"
"514","Niedersachsen","CDU/CSU","nicht gefragt",3867,"NI",2003-02-02,"CDU"
"515","Niedersachsen","Grüne","nicht gefragt",3867,"NI",2003-02-02,"Grüne"
"516","Niedersachsen","FDP","nicht gefragt",3867,"NI",2003-02-02,"FDP"
"517","Niedersachsen","PDS","nicht gefragt",3867,"NI",2003-02-02,"Linke"
"518","Niedersachsen","PRO/Schill","nicht gefragt",3867,"NI",2003-02-02,"PRO (Schill)"
"519","Niedersachsen","PBC","nicht gefragt",3867,"NI",2003-02-02,"BündnisC"
"520","Niedersachsen","REP","nicht gefragt",3867,"NI",2003-02-02,"Rep"
"521","Nordrhein-Westfalen","nicht gefragt","CDU/CSU",62,"NW",1962-07-08,"CDU"
"522","Nordrhein-Westfalen","nicht gefragt","SPD",62,"NW",1962-07-08,"SPD"
"523","Nordrhein-Westfalen","nicht gefragt","FDP",62,"NW",1962-07-08,"FDP"
"524","Nordrhein-Westfalen","nicht gefragt","DFU",62,"NW",1962-07-08,"DFU"
"525","Nordrhein-Westfalen","nicht gefragt","GB/BHE",62,"NW",1962-07-08,"GDP"
"526","Nordrhein-Westfalen","nicht gefragt","Zentrum",62,"NW",1962-07-08,"Zentrum"
"527","Nordrhein-Westfalen","nicht gefragt","SPD",561,"NW",1966-07-10,"SPD"
"528","Nordrhein-Westfalen","nicht gefragt","CDU/CSU",561,"NW",1966-07-10,"CDU"
"529","Nordrhein-Westfalen","nicht gefragt","FDP",561,"NW",1966-07-10,"FDP"
"530","Nordrhein-Westfalen","nicht gefragt","SPD",562,"NW",1966-07-10,"SPD"
"531","Nordrhein-Westfalen","nicht gefragt","CDU/CSU",562,"NW",1966-07-10,"CDU"
"532","Nordrhein-Westfalen","nicht gefragt","FDP",562,"NW",1966-07-10,"FDP"
"533","Nordrhein-Westfalen","nicht gefragt","CDU/CSU",702,"NW",1970-06-14,"CDU"
"534","Nordrhein-Westfalen","nicht gefragt","SPD",702,"NW",1970-06-14,"SPD"
"535","Nordrhein-Westfalen","nicht gefragt","FDP",702,"NW",1970-06-14,"FDP"
"536","Nordrhein-Westfalen","nicht gefragt","NPD",702,"NW",1970-06-14,"NPD"
"537","Nordrhein-Westfalen","nicht gefragt","DKP",702,"NW",1970-06-14,"DKP"
"538","Nordrhein-Westfalen","SPD","nicht gefragt",1467,"NW",1985-05-12,"SPD"
"539","Nordrhein-Westfalen","CDU/CSU","nicht gefragt",1467,"NW",1985-05-12,"CDU"
"540","Nordrhein-Westfalen","Grüne","nicht gefragt",1467,"NW",1985-05-12,"Grüne"
"541","Nordrhein-Westfalen","FDP","nicht gefragt",1467,"NW",1985-05-12,"FDP"
"542","Nordrhein-Westfalen","SPD","nicht gefragt",1468,"NW",1985-05-12,"SPD"
"543","Nordrhein-Westfalen","CDU/CSU","nicht gefragt",1468,"NW",1985-05-12,"CDU"
"544","Nordrhein-Westfalen","Grüne","nicht gefragt",1468,"NW",1985-05-12,"Grüne"
"545","Nordrhein-Westfalen","FDP","nicht gefragt",1468,"NW",1985-05-12,"FDP"
"546","Nordrhein-Westfalen","SPD","nicht gefragt",1933,"NW",1990-05-13,"SPD"
"547","Nordrhein-Westfalen","CDU/CSU","nicht gefragt",1933,"NW",1990-05-13,"CDU"
"548","Nordrhein-Westfalen","Grüne","nicht gefragt",1933,"NW",1990-05-13,"Grüne"
"549","Nordrhein-Westfalen","FDP","nicht gefragt",1933,"NW",1990-05-13,"FDP"
"550","Nordrhein-Westfalen","REP","nicht gefragt",1933,"NW",1990-05-13,"Rep"
"551","Nordrhein-Westfalen","ÖDP","nicht gefragt",1933,"NW",1990-05-13,"ÖDP"
"552","Nordrhein-Westfalen","DKP","nicht gefragt",1933,"NW",1990-05-13,"DKP"
"553","Nordrhein-Westfalen","SPD","nicht gefragt",2583,"NW",1995-05-14,"SPD"
"554","Nordrhein-Westfalen","CDU/CSU","nicht gefragt",2583,"NW",1995-05-14,"CDU"
"555","Nordrhein-Westfalen","Grüne","nicht gefragt",2583,"NW",1995-05-14,"Grüne"
"556","Nordrhein-Westfalen","FDP","nicht gefragt",2583,"NW",1995-05-14,"FDP"
"557","Nordrhein-Westfalen","REP","nicht gefragt",2583,"NW",1995-05-14,"Rep"
"558","Nordrhein-Westfalen","Graue","nicht gefragt",2583,"NW",1995-05-14,"Graue"
"559","Nordrhein-Westfalen","ÖDP","nicht gefragt",2583,"NW",1995-05-14,"ÖDP"
"560","Nordrhein-Westfalen","DKP","nicht gefragt",2583,"NW",1995-05-14,"DKP"
"561","Nordrhein-Westfalen","CDU/CSU","nicht gefragt",3436,"NW",2000-05-14,"CDU"
"562","Nordrhein-Westfalen","SPD","nicht gefragt",3436,"NW",2000-05-14,"SPD"
"563","Nordrhein-Westfalen","FDP","nicht gefragt",3436,"NW",2000-05-14,"FDP"
"564","Nordrhein-Westfalen","Grüne","nicht gefragt",3436,"NW",2000-05-14,"Grüne"
"565","Nordrhein-Westfalen","REP","nicht gefragt",3436,"NW",2000-05-14,"Rep"
"566","Nordrhein-Westfalen","Rentner","nicht gefragt",3436,"NW",2000-05-14,"Rentner"
"567","Nordrhein-Westfalen","PDS","nicht gefragt",3436,"NW",2000-05-14,"Linke"
"568","Nordrhein-Westfalen","PBC","nicht gefragt",3436,"NW",2000-05-14,"BündnisC"
"569","Rheinland-Pfalz","nicht gefragt","CDU/CSU",563,"RP",1967-04-23,"CDU"
"570","Rheinland-Pfalz","nicht gefragt","SPD",563,"RP",1967-04-23,"SPD"
"571","Rheinland-Pfalz","nicht gefragt","FDP",563,"RP",1967-04-23,"FDP"
"572","Rheinland-Pfalz","nicht gefragt","NPD",563,"RP",1967-04-23,"NPD"
"573","Rheinland-Pfalz","SPD","nicht gefragt",2317,"RP",1979-03-18,"SPD"
"574","Rheinland-Pfalz","CDU/CSU","nicht gefragt",2317,"RP",1979-03-18,"CDU"
"575","Rheinland-Pfalz","FDP","nicht gefragt",2317,"RP",1979-03-18,"FDP"
"576","Rheinland-Pfalz","NPD","nicht gefragt",2317,"RP",1979-03-18,"NPD"
"577","Rheinland-Pfalz","DKP","nicht gefragt",2317,"RP",1979-03-18,"DKP"
"578","Rheinland-Pfalz","CDU/CSU","nicht gefragt",1250,"RP",1983-03-06,"CDU"
"579","Rheinland-Pfalz","Grüne","nicht gefragt",1250,"RP",1983-03-06,"Grüne"
"580","Rheinland-Pfalz","SPD","nicht gefragt",1250,"RP",1983-03-06,"SPD"
"581","Rheinland-Pfalz","FDP","nicht gefragt",1250,"RP",1983-03-06,"FDP"
"582","Rheinland-Pfalz","NPD","nicht gefragt",1250,"RP",1983-03-06,"NPD"
"583","Rheinland-Pfalz","CDU/CSU","nicht gefragt",1652,"RP",1987-05-17,"CDU"
"584","Rheinland-Pfalz","SPD","nicht gefragt",1652,"RP",1987-05-17,"SPD"
"585","Rheinland-Pfalz","FDP","nicht gefragt",1652,"RP",1987-05-17,"FDP"
"586","Rheinland-Pfalz","Grüne","nicht gefragt",1652,"RP",1987-05-17,"Grüne"
"587","Rheinland-Pfalz","NPD","nicht gefragt",1652,"RP",1987-05-17,"NPD"
"588","Rheinland-Pfalz","FW/FWG","nicht gefragt",1652,"RP",1987-05-17,"FW-RP"
"589","Rheinland-Pfalz","SPD","nicht gefragt",2117,"RP",1991-04-21,"SPD"
"590","Rheinland-Pfalz","CDU/CSU","nicht gefragt",2117,"RP",1991-04-21,"CDU"
"591","Rheinland-Pfalz","Grüne","nicht gefragt",2117,"RP",1991-04-21,"Grüne"
"592","Rheinland-Pfalz","REP","nicht gefragt",2117,"RP",1991-04-21,"Rep"
"593","Rheinland-Pfalz","FDP","nicht gefragt",2117,"RP",1991-04-21,"FDP"
"594","Rheinland-Pfalz","ÖDP","nicht gefragt",2117,"RP",1991-04-21,"ÖDP"
"595","Rheinland-Pfalz","DA","nicht gefragt",2117,"RP",1991-04-21,"DLVH"
"596","Rheinland-Pfalz","Grüne","nicht gefragt",2914,"RP",1996-03-24,"Grüne"
"597","Rheinland-Pfalz","CDU/CSU","nicht gefragt",2914,"RP",1996-03-24,"CDU"
"598","Rheinland-Pfalz","SPD","nicht gefragt",2914,"RP",1996-03-24,"SPD"
"599","Rheinland-Pfalz","FDP","nicht gefragt",2914,"RP",1996-03-24,"FDP"
"600","Rheinland-Pfalz","Graue","nicht gefragt",2914,"RP",1996-03-24,"Graue"
"601","Rheinland-Pfalz","REP","nicht gefragt",2914,"RP",1996-03-24,"Rep"
"602","Rheinland-Pfalz","PBC","nicht gefragt",2914,"RP",1996-03-24,"BündnisC"
"603","Rheinland-Pfalz","Naturgesetz-Partei","nicht gefragt",2914,"RP",1996-03-24,"Naturgesetz"
"604","Rheinland-Pfalz","ÖDP","nicht gefragt",2914,"RP",1996-03-24,"ÖDP"
"605","Rheinland-Pfalz","SPD","nicht gefragt",3382,"RP",2001-03-25,"SPD"
"606","Rheinland-Pfalz","CDU/CSU","nicht gefragt",3382,"RP",2001-03-25,"CDU"
"607","Rheinland-Pfalz","FW/FWG","nicht gefragt",3382,"RP",2001-03-25,"FW-RP"
"608","Rheinland-Pfalz","FDP","nicht gefragt",3382,"RP",2001-03-25,"FDP"
"609","Rheinland-Pfalz","REP","nicht gefragt",3382,"RP",2001-03-25,"Rep"
"610","Rheinland-Pfalz","Grüne","nicht gefragt",3382,"RP",2001-03-25,"Grüne"
"611","Rheinland-Pfalz","PBC","nicht gefragt",3382,"RP",2001-03-25,"BündnisC"
"612","Rheinland-Pfalz","ÖDP","nicht gefragt",3382,"RP",2001-03-25,"ÖDP"
"613","Rheinland-Pfalz","MUT","nicht gefragt",3382,"RP",2001-03-25,"Die Tierschutzpartei"
"614","Rheinland-Pfalz","NPD","nicht gefragt",3382,"RP",2001-03-25,"NPD"
"615","Schleswig-Holstein","SPD","nicht gefragt",2319,"SH",1979-04-29,"SPD"
"616","Schleswig-Holstein","CDU/CSU","nicht gefragt",2319,"SH",1979-04-29,"CDU"
"617","Schleswig-Holstein","FDP","nicht gefragt",2319,"SH",1979-04-29,"FDP"
"618","Schleswig-Holstein","GL","nicht gefragt",2319,"SH",1979-04-29,"Grüne"
"619","Schleswig-Holstein","SSW","nicht gefragt",2319,"SH",1979-04-29,"SSW"
"620","Schleswig-Holstein","KBW","nicht gefragt",2319,"SH",1979-04-29,"KBW"
"621","Schleswig-Holstein","NPD","nicht gefragt",2319,"SH",1979-04-29,"NPD"
"622","Schleswig-Holstein","DKP","nicht gefragt",2319,"SH",1979-04-29,"DKP"
"623","Schleswig-Holstein","CDU/CSU","nicht gefragt",1251,"SH",1983-03-13,"CDU"
"624","Schleswig-Holstein","Grüne","nicht gefragt",1251,"SH",1983-03-13,"Grüne"
"625","Schleswig-Holstein","SPD","nicht gefragt",1251,"SH",1983-03-13,"SPD"
"626","Schleswig-Holstein","FDP","nicht gefragt",1251,"SH",1983-03-13,"FDP"
"627","Schleswig-Holstein","SSW","nicht gefragt",1251,"SH",1983-03-13,"SSW"
"628","Schleswig-Holstein","DKP","nicht gefragt",1251,"SH",1983-03-13,"DKP"
"629","Schleswig-Holstein","SPD","nicht gefragt",1654,"SH",1987-09-13,"SPD"
"630","Schleswig-Holstein","CDU/CSU","nicht gefragt",1654,"SH",1987-09-13,"CDU"
"631","Schleswig-Holstein","Grüne","nicht gefragt",1654,"SH",1987-09-13,"Grüne"
"632","Schleswig-Holstein","FDP","nicht gefragt",1654,"SH",1987-09-13,"FDP"
"633","Schleswig-Holstein","SSW","nicht gefragt",1654,"SH",1987-09-13,"SSW"
"634","Schleswig-Holstein","UWSH","nicht gefragt",1654,"SH",1987-09-13,"UWGSH"
"635","Schleswig-Holstein","SPD","nicht gefragt",1697,"SH",1988-05-08,"SPD"
"636","Schleswig-Holstein","CDU/CSU","nicht gefragt",1697,"SH",1988-05-08,"CDU"
"637","Schleswig-Holstein","SSW","nicht gefragt",1697,"SH",1988-05-08,"SSW"
"638","Schleswig-Holstein","FDP","nicht gefragt",1697,"SH",1988-05-08,"FDP"
"639","Schleswig-Holstein","UWSH","nicht gefragt",1697,"SH",1988-05-08,"UWGSH"
"640","Schleswig-Holstein","Grüne","nicht gefragt",1697,"SH",1988-05-08,"Grüne"
"641","Schleswig-Holstein","NPD","nicht gefragt",1697,"SH",1988-05-08,"NPD"
"642","Schleswig-Holstein","ÖDP","nicht gefragt",1697,"SH",1988-05-08,"ÖDP"
"643","Schleswig-Holstein","SPD","nicht gefragt",2302,"SH",1992-04-05,"SPD"
"644","Schleswig-Holstein","FDP","nicht gefragt",2302,"SH",1992-04-05,"FDP"
"645","Schleswig-Holstein","CDU/CSU","nicht gefragt",2302,"SH",1992-04-05,"CDU"
"646","Schleswig-Holstein","Grüne","nicht gefragt",2302,"SH",1992-04-05,"Grüne"
"647","Schleswig-Holstein","DVU","nicht gefragt",2302,"SH",1992-04-05,"DVU"
"648","Schleswig-Holstein","SSW","nicht gefragt",2302,"SH",1992-04-05,"SSW"
"649","Schleswig-Holstein","REP","nicht gefragt",2302,"SH",1992-04-05,"Rep"
"650","Schleswig-Holstein","CDU/CSU","nicht gefragt",2915,"SH",1996-03-24,"CDU"
"651","Schleswig-Holstein","Grüne","nicht gefragt",2915,"SH",1996-03-24,"Grüne"
"652","Schleswig-Holstein","DVU","nicht gefragt",2915,"SH",1996-03-24,"DVU"
"653","Schleswig-Holstein","SPD","nicht gefragt",2915,"SH",1996-03-24,"SPD"
"654","Schleswig-Holstein","FDP","nicht gefragt",2915,"SH",1996-03-24,"FDP"
"655","Schleswig-Holstein","SSW","nicht gefragt",2915,"SH",1996-03-24,"SSW"
"656","Schleswig-Holstein","ÖDP","nicht gefragt",2915,"SH",1996-03-24,"ÖDP"
"657","Schleswig-Holstein","DKP","nicht gefragt",2915,"SH",1996-03-24,"DKP"
"658","Schleswig-Holstein","SPD","nicht gefragt",3435,"SH",2000-02-27,"SPD"
"659","Schleswig-Holstein","CDU/CSU","nicht gefragt",3435,"SH",2000-02-27,"CDU"
"660","Schleswig-Holstein","Grüne","nicht gefragt",3435,"SH",2000-02-27,"Grüne"
"661","Schleswig-Holstein","FDP","nicht gefragt",3435,"SH",2000-02-27,"FDP"
"662","Schleswig-Holstein","PDS","nicht gefragt",3435,"SH",2000-02-27,"Linke"
"663","Schleswig-Holstein","SSW","nicht gefragt",3435,"SH",2000-02-27,"SSW"
"664","Schleswig-Holstein","NPD","nicht gefragt",3435,"SH",2000-02-27,"NPD"
"665","Schleswig-Holstein","STATT","nicht gefragt",3435,"SH",2000-02-27,"STATT"
"666","Schleswig-Holstein","DIE FRAUEN","nicht gefragt",3435,"SH",2000-02-27,"DieFrauen"
"667","Saarland","SPD","nicht gefragt",2318,"SL",1980-04-27,"SPD"
"668","Saarland","Grüne","nicht gefragt",2318,"SL",1980-04-27,"Grüne"
"669","Saarland","FDP","nicht gefragt",2318,"SL",1980-04-27,"FDP"
"670","Saarland","CDU/CSU","nicht gefragt",2318,"SL",1980-04-27,"CDU"
"671","Saarland","DKP","nicht gefragt",2318,"SL",1980-04-27,"DKP"
"672","Saarland","CDU/CSU","nicht gefragt",1466,"SL",1985-03-10,"CDU"
"673","Saarland","SPD","nicht gefragt",1466,"SL",1985-03-10,"SPD"
"674","Saarland","FDP","nicht gefragt",1466,"SL",1985-03-10,"FDP"
"675","Saarland","DKP","nicht gefragt",1466,"SL",1985-03-10,"DKP"
"676","Saarland","Grüne","nicht gefragt",1466,"SL",1985-03-10,"Grüne"
"677","Saarland","NPD","nicht gefragt",1466,"SL",1985-03-10,"NPD"
"678","Saarland","SPD","nicht gefragt",1932,"SL",1990-01-28,"SPD"
"679","Saarland","CDU/CSU","nicht gefragt",1932,"SL",1990-01-28,"CDU"
"680","Saarland","REP","nicht gefragt",1932,"SL",1990-01-28,"Rep"
"681","Saarland","FDP","nicht gefragt",1932,"SL",1990-01-28,"FDP"
"682","Saarland","Grüne","nicht gefragt",1932,"SL",1990-01-28,"Grüne"
"683","Saarland","FAMILIE","nicht gefragt",1932,"SL",1990-01-28,"Familie"
"684","Saarland","CDU/CSU","nicht gefragt",2510,"SL",1994-10-16,"CDU"
"685","Saarland","SPD","nicht gefragt",2510,"SL",1994-10-16,"SPD"
"686","Saarland","FDP","nicht gefragt",2510,"SL",1994-10-16,"FDP"
"687","Saarland","Bund freier Bürger","nicht gefragt",2510,"SL",1994-10-16,"BFB"
"688","Saarland","Graue","nicht gefragt",2510,"SL",1994-10-16,"Graue"
"689","Saarland","Grüne","nicht gefragt",2510,"SL",1994-10-16,"Grüne"
"690","Saarland","REP","nicht gefragt",2510,"SL",1994-10-16,"Rep"
"691","Saarland","FAMILIE","nicht gefragt",2510,"SL",1994-10-16,"Familie"
"692","Saarland","APD","nicht gefragt",2510,"SL",1994-10-16,"APD"
"693","Saarland","ÖDP","nicht gefragt",2510,"SL",1994-10-16,"ÖDP"
"694","Saarland","IEB","nicht gefragt",2510,"SL",1994-10-16,"IEBP"
"695","Saarland","CDU/CSU","nicht gefragt",3896,"SL",1999-09-05,"CDU"
"696","Saarland","SPD","nicht gefragt",3896,"SL",1999-09-05,"SPD"
"697","Saarland","FDP","nicht gefragt",3896,"SL",1999-09-05,"FDP"
"698","Saarland","Grüne","nicht gefragt",3896,"SL",1999-09-05,"Grüne"
"699","Saarland","PDS","nicht gefragt",3896,"SL",1999-09-05,"Linke"
"700","Saarland","REP","nicht gefragt",3896,"SL",1999-09-05,"Rep"
"701","Saarland","FAMILIE","nicht gefragt",3896,"SL",1999-09-05,"Familie"
"702","Saarland","FW/FWG","nicht gefragt",3896,"SL",1999-09-05,"FW-SL"
"703","Saarland","SPD","nicht gefragt",3993,"SL",2004-09-05,"SPD"
"704","Saarland","CDU/CSU","nicht gefragt",3993,"SL",2004-09-05,"CDU"
"705","Saarland","Grüne","nicht gefragt",3993,"SL",2004-09-05,"Grüne"
"706","Saarland","FAMILIE","nicht gefragt",3993,"SL",2004-09-05,"Familie"
"707","Saarland","FDP","nicht gefragt",3993,"SL",2004-09-05,"FDP"
"708","Saarland","PDS","nicht gefragt",3993,"SL",2004-09-05,"Linke"
"709","Saarland","Graue","nicht gefragt",3993,"SL",2004-09-05,"Graue"
"710","Saarland","NPD","nicht gefragt",3993,"SL",2004-09-05,"NPD"
"711","Sachsen","FDP","nicht gefragt",19663,"SN",1990-10-14,"FDP"
"712","Sachsen","CDU/CSU","nicht gefragt",19663,"SN",1990-10-14,"CDU"
"713","Sachsen","PDS","nicht gefragt",19663,"SN",1990-10-14,"Linke"
"714","Sachsen","SPD","nicht gefragt",19663,"SN",1990-10-14,"SPD"
"715","Sachsen","DSU","nicht gefragt",19663,"SN",1990-10-14,"DSU"
"716","Sachsen","DA","nicht gefragt",19663,"SN",1990-10-14,"DemAufbr"
"717","Sachsen","CDU/CSU","nicht gefragt",2511,"SN",1994-09-11,"CDU"
"718","Sachsen","FDP","nicht gefragt",2511,"SN",1994-09-11,"FDP"
"719","Sachsen","PDS","nicht gefragt",2511,"SN",1994-09-11,"Linke"
"720","Sachsen","Grüne","nicht gefragt",2511,"SN",1994-09-11,"Grüne"
"721","Sachsen","Neues Forum","nicht gefragt",2511,"SN",1994-09-11,"Forum"
"722","Sachsen","SPD","nicht gefragt",2511,"SN",1994-09-11,"SPD"
"723","Sachsen","SP","nicht gefragt",2511,"SN",1994-09-11,"SozPolSachs"
"724","Sachsen","DSU","nicht gefragt",2511,"SN",1994-09-11,"DSU"
"725","Sachsen","REP","nicht gefragt",2511,"SN",1994-09-11,"Rep"
"726","Sachsen","CDU/CSU","nicht gefragt",3897,"SN",1999-09-19,"CDU"
"727","Sachsen","Grüne","nicht gefragt",3897,"SN",1999-09-19,"Grüne"
"728","Sachsen","PDS","nicht gefragt",3897,"SN",1999-09-19,"Linke"
"729","Sachsen","SPD","nicht gefragt",3897,"SN",1999-09-19,"SPD"
"730","Sachsen","Graue","nicht gefragt",3897,"SN",1999-09-19,"Graue"
"731","Sachsen","NPD","nicht gefragt",3897,"SN",1999-09-19,"NPD"
"732","Sachsen","REP","nicht gefragt",3897,"SN",1999-09-19,"Rep"
"733","Sachsen","Pro DM","nicht gefragt",3897,"SN",1999-09-19,"Pro DM/Schill"
"734","Sachsen","DSU","nicht gefragt",3897,"SN",1999-09-19,"DSU"
"735","Sachsen","FDP","nicht gefragt",3897,"SN",1999-09-19,"FDP"
"736","Sachsen","Neues Forum","nicht gefragt",3897,"SN",1999-09-19,"Forum"
"737","Sachsen","KPD","nicht gefragt",3897,"SN",1999-09-19,"KPD (1990)"
"738","Sachsen","CDU/CSU","nicht gefragt",3994,"SN",2004-09-19,"CDU"
"739","Sachsen","NPD","nicht gefragt",3994,"SN",2004-09-19,"NPD"
"740","Sachsen","Graue","nicht gefragt",3994,"SN",2004-09-19,"Graue"
"741","Sachsen","Grüne","nicht gefragt",3994,"SN",2004-09-19,"Grüne"
"742","Sachsen","SPD","nicht gefragt",3994,"SN",2004-09-19,"SPD"
"743","Sachsen","PDS","nicht gefragt",3994,"SN",2004-09-19,"Linke"
"744","Sachsen","FDP","nicht gefragt",3994,"SN",2004-09-19,"FDP"
"745","Sachsen","DSU","nicht gefragt",3994,"SN",2004-09-19,"DSU"
"746","Sachsen","DGG","nicht gefragt",3994,"SN",2004-09-19,"DGG"
"747","Sachsen","PBC","nicht gefragt",3994,"SN",2004-09-19,"BündnisC"
"748","Sachsen","MUT","nicht gefragt",3994,"SN",2004-09-19,"Die Tierschutzpartei"
"749","Sachsen","BüSo","nicht gefragt",3994,"SN",2004-09-19,"BÜSO"
"750","Sachsen","Aufbruch","nicht gefragt",3994,"SN",2004-09-19,"Aufbruch"
"751","Sachsen-Anhalt","CDU/CSU","nicht gefragt",19664,"ST",1990-10-14,"CDU"
"752","Sachsen-Anhalt","SPD","nicht gefragt",19664,"ST",1990-10-14,"SPD"
"753","Sachsen-Anhalt","FDP","nicht gefragt",19664,"ST",1990-10-14,"FDP"
"754","Sachsen-Anhalt","Grüne","nicht gefragt",19664,"ST",1990-10-14,"Grüne"
"755","Sachsen-Anhalt","PDS","nicht gefragt",19664,"ST",1990-10-14,"Linke"
"756","Sachsen-Anhalt","DSU","nicht gefragt",19664,"ST",1990-10-14,"DSU"
"757","Sachsen-Anhalt","SPD","nicht gefragt",2512,"ST",1994-06-26,"SPD"
"758","Sachsen-Anhalt","CDU/CSU","nicht gefragt",2512,"ST",1994-06-26,"CDU"
"759","Sachsen-Anhalt","PDS","nicht gefragt",2512,"ST",1994-06-26,"Linke"
"760","Sachsen-Anhalt","Grüne","nicht gefragt",2512,"ST",1994-06-26,"Grüne"
"761","Sachsen-Anhalt","FDP","nicht gefragt",2512,"ST",1994-06-26,"FDP"
"762","Sachsen-Anhalt","REP","nicht gefragt",2512,"ST",1994-06-26,"Rep"
"763","Sachsen-Anhalt","DSU","nicht gefragt",2512,"ST",1994-06-26,"DSU"
"764","Sachsen-Anhalt","STATT","nicht gefragt",2512,"ST",1994-06-26,"STATT"
"765","Sachsen-Anhalt","CDU/CSU","nicht gefragt",3032,"ST",1998-04-26,"CDU"
"766","Sachsen-Anhalt","SPD","nicht gefragt",3032,"ST",1998-04-26,"SPD"
"767","Sachsen-Anhalt","DVU","nicht gefragt",3032,"ST",1998-04-26,"DVU"
"768","Sachsen-Anhalt","PDS","nicht gefragt",3032,"ST",1998-04-26,"Linke"
"769","Sachsen-Anhalt","Grüne","nicht gefragt",3032,"ST",1998-04-26,"Grüne"
"770","Sachsen-Anhalt","FDP","nicht gefragt",3032,"ST",1998-04-26,"FDP"
"771","Sachsen-Anhalt","REP","nicht gefragt",3032,"ST",1998-04-26,"Rep"
"772","Sachsen-Anhalt","FUTURE!","nicht gefragt",3032,"ST",1998-04-26,"future"
"773","Sachsen-Anhalt","SPD","nicht gefragt",3865,"ST",2002-04-21,"SPD"
"774","Sachsen-Anhalt","CDU/CSU","nicht gefragt",3865,"ST",2002-04-21,"CDU"
"775","Sachsen-Anhalt","FDP","nicht gefragt",3865,"ST",2002-04-21,"FDP"
"776","Sachsen-Anhalt","PRO/Schill","nicht gefragt",3865,"ST",2002-04-21,"PRO (Schill)"
"777","Sachsen-Anhalt","PDS","nicht gefragt",3865,"ST",2002-04-21,"Linke"
"778","Sachsen-Anhalt","Grüne","nicht gefragt",3865,"ST",2002-04-21,"Grüne"
"779","Sachsen-Anhalt","Spasspartei","nicht gefragt",3865,"ST",2002-04-21,"Spasspartei"
"780","Sachsen-Anhalt","ÖDP","nicht gefragt",3865,"ST",2002-04-21,"ÖDP"
"781","Sachsen-Anhalt","FDVP","nicht gefragt",3865,"ST",2002-04-21,"FDVP"
"782","Sachsen-Anhalt","Pro DM","nicht gefragt",3865,"ST",2002-04-21,"Pro DM/Schill"
"783","Thüringen","CDU/CSU","nicht gefragt",19666,"TH",1990-10-14,"CDU"
"784","Thüringen","PDS","nicht gefragt",19666,"TH",1990-10-14,"Linke"
"785","Thüringen","SPD","nicht gefragt",19666,"TH",1990-10-14,"SPD"
"786","Thüringen","FDP","nicht gefragt",19666,"TH",1990-10-14,"FDP"
"787","Thüringen","Grüne","nicht gefragt",19666,"TH",1990-10-14,"Grüne"
"788","Thüringen","DSU","nicht gefragt",19666,"TH",1990-10-14,"DSU"
"789","Thüringen","PDS","nicht gefragt",2513,"TH",1994-10-16,"Linke"
"790","Thüringen","SPD","nicht gefragt",2513,"TH",1994-10-16,"SPD"
"791","Thüringen","CDU/CSU","nicht gefragt",2513,"TH",1994-10-16,"CDU"
"792","Thüringen","Grüne","nicht gefragt",2513,"TH",1994-10-16,"Grüne"
"793","Thüringen","REP","nicht gefragt",2513,"TH",1994-10-16,"Rep"
"794","Thüringen","FDP","nicht gefragt",2513,"TH",1994-10-16,"FDP"
"795","Thüringen","Neues Forum","nicht gefragt",2513,"TH",1994-10-16,"Forum"
"796","Thüringen","STATT","nicht gefragt",2513,"TH",1994-10-16,"STATT"
"797","Thüringen","ÖDP","nicht gefragt",2513,"TH",1994-10-16,"ÖDP"
"798","Thüringen","CDU/CSU","nicht gefragt",3898,"TH",1999-09-12,"CDU"
"799","Thüringen","PDS","nicht gefragt",3898,"TH",1999-09-12,"Linke"
"800","Thüringen","SPD","nicht gefragt",3898,"TH",1999-09-12,"SPD"
"801","Thüringen","DVU","nicht gefragt",3898,"TH",1999-09-12,"DVU"
"802","Thüringen","Grüne","nicht gefragt",3898,"TH",1999-09-12,"Grüne"
"803","Thüringen","REP","nicht gefragt",3898,"TH",1999-09-12,"Rep"
"804","Thüringen","FDP","nicht gefragt",3898,"TH",1999-09-12,"FDP"
"805","Thüringen","VIBT","nicht gefragt",3898,"TH",1999-09-12,"VIBT"
"806","Thüringen","DIE FRAUEN","nicht gefragt",3898,"TH",1999-09-12,"DieFrauen"
"807","Thüringen","NPD","nicht gefragt",3898,"TH",1999-09-12,"NPD"
"808","Thüringen","PBC","nicht gefragt",3898,"TH",1999-09-12,"BündnisC"
"809","Thüringen","PDS","nicht gefragt",3991,"TH",2004-06-13,"Linke"
"810","Thüringen","CDU/CSU","nicht gefragt",3991,"TH",2004-06-13,"CDU"
"811","Thüringen","SPD","nicht gefragt",3991,"TH",2004-06-13,"SPD"
"812","Thüringen","Grüne","nicht gefragt",3991,"TH",2004-06-13,"Grüne"
"813","Thüringen","FDP","nicht gefragt",3991,"TH",2004-06-13,"FDP"
"814","Thüringen","FW/FWG","nicht gefragt",3991,"TH",2004-06-13,"FW-TH"
"815","Thüringen","VIBT","nicht gefragt",3991,"TH",2004-06-13,"VIBT"
"816","Thüringen","Graue","nicht gefragt",3991,"TH",2004-06-13,"Graue"
"817","Thüringen","REP","nicht gefragt",3991,"TH",2004-06-13,"Rep"
"818","Thüringen","NPD","nicht gefragt",3991,"TH",2004-06-13,"NPD"
